image_name,image_id,objectID,class_number,class_name,y_min,x_min,y_max,x_max,accuracy
1622212165.8680692.jpg,0,0,1,person,62,330,359,450,0.7642081
1622212165.8680692.jpg,0,1,15,bench,216,176,410,584,0.65706736
1622212305.4986682.jpg,1,2,1,person,116,151,348,249,0.9337597
1622212305.4986682.jpg,1,3,1,person,96,270,340,346,0.90594906
1622212305.4986682.jpg,1,4,1,person,64,432,355,518,0.8826526
1622212305.4986682.jpg,1,5,1,person,91,5,351,90,0.8712038
1622212305.4986682.jpg,1,6,72,tv,0,0,23,86,0.45225313
1622212305.4986682.jpg,1,7,75,remote,141,438,176,451,0.36604023
1622212305.4986682.jpg,1,8,85,clock,127,597,149,616,0.35835668
1622212305.4986682.jpg,1,9,1,person,231,1,331,87,0.35007885
1622212293.9947753.jpg,2,10,1,person,130,296,298,357,0.92494845
1622212293.9947753.jpg,2,11,1,person,107,381,307,458,0.9164303
1622212293.9947753.jpg,2,12,1,person,47,0,370,198,0.8936925
1622212293.9947753.jpg,2,13,1,person,146,220,304,267,0.8923062
1622212293.9947753.jpg,2,14,1,person,195,121,244,156,0.7868792
1622212293.9947753.jpg,2,15,72,tv,1,54,59,143,0.55584514
1622212293.9947753.jpg,2,16,62,chair,264,0,475,199,0.5468653
1622212293.9947753.jpg,2,17,75,remote,158,394,183,408,0.42021206
1622212293.9947753.jpg,2,18,72,tv,93,0,133,39,0.31611472
1622212123.513371.jpg,3,19,1,person,164,145,360,289,0.90968597
1622212123.513371.jpg,3,20,1,person,85,428,333,508,0.9036486
1622212123.513371.jpg,3,21,1,person,90,509,442,639,0.87826324
1622212123.513371.jpg,3,22,1,person,135,381,297,442,0.80161357
1622212123.513371.jpg,3,23,62,chair,208,116,367,234,0.5711611
1622212123.513371.jpg,3,24,73,laptop,216,224,268,274,0.55377406
1622212123.513371.jpg,3,25,1,person,178,242,278,299,0.47996584
1622212123.513371.jpg,3,26,33,suitcase,215,373,309,418,0.3318837
1622212123.513371.jpg,3,27,62,chair,218,511,349,640,0.32040098
1622212170.9629111.jpg,4,28,15,bench,221,30,475,628,0.75286794
1622212170.9629111.jpg,4,29,1,person,74,382,369,522,0.69143164
1622212132.531273.jpg,5,30,1,person,91,139,471,448,0.9556081
1622212132.531273.jpg,5,31,1,person,156,267,251,342,0.7646635
1622212132.531273.jpg,5,32,62,chair,180,83,477,308,0.6528891
1622212132.531273.jpg,5,33,73,laptop,204,250,252,310,0.47223303
1622212132.531273.jpg,5,34,62,chair,219,526,294,569,0.33447066
1622212132.531273.jpg,5,35,33,suitcase,329,342,389,438,0.31622604
1622212332.5207064.jpg,6,36,1,person,7,126,428,318,0.930429
1622212332.5207064.jpg,6,37,1,person,171,593,218,626,0.61436063
1622212332.5207064.jpg,6,38,62,chair,226,96,474,249,0.47913444
1622212345.087596.jpg,8,39,1,person,129,372,223,429,0.78243905
1622212345.087596.jpg,8,40,15,bench,226,1,455,510,0.5322072
1622212204.3650627.jpg,9,41,1,person,30,478,395,581,0.8583839
1622212347.2128248.jpg,10,42,1,person,96,377,332,461,0.7076624
1622212347.2128248.jpg,10,43,15,bench,240,1,476,471,0.63221246
1622212120.45508.jpg,11,44,1,person,87,547,324,632,0.9292389
1622212120.45508.jpg,11,45,1,person,168,292,337,423,0.9206416
1622212120.45508.jpg,11,46,1,person,174,367,275,421,0.75170904
1622212120.45508.jpg,11,47,62,chair,208,269,344,365,0.6543202
1622212120.45508.jpg,11,48,72,tv,0,345,32,442,0.47989774
1622212120.45508.jpg,11,49,72,tv,67,422,164,468,0.37528023
1622212120.45508.jpg,11,50,31,handbag,170,611,196,632,0.31442463
1622212120.45508.jpg,11,51,62,chair,211,351,270,410,0.30047718
1622212298.2311323.jpg,12,52,1,person,138,137,320,210,0.9287225
1622212298.2311323.jpg,12,53,1,person,121,223,315,282,0.91193426
1622212298.2311323.jpg,12,54,1,person,100,349,324,416,0.8017951
1622212298.2311323.jpg,12,55,1,person,195,11,315,66,0.78606695
1622212298.2311323.jpg,12,56,72,tv,0,0,43,55,0.66138965
1622212298.2311323.jpg,12,57,75,remote,164,353,190,371,0.35025197
1622212142.8356419.jpg,13,58,1,person,0,268,478,500,0.9464652
1622212316.7887697.jpg,14,59,1,person,44,96,385,218,0.9100413
1622212316.7887697.jpg,14,60,1,person,63,312,386,417,0.88340366
1622212316.7887697.jpg,14,61,1,person,27,410,478,640,0.8739257
1622212316.7887697.jpg,14,62,1,person,219,0,463,80,0.45111084
1622212316.7887697.jpg,14,63,62,chair,231,472,468,638,0.39916995
1622212163.6107323.jpg,16,64,15,bench,220,82,398,455,0.69318897
1622212331.044157.jpg,17,65,1,person,29,253,405,435,0.94932556
1622212331.044157.jpg,17,66,72,tv,82,23,133,82,0.7256558
1622212331.044157.jpg,17,67,62,chair,228,246,442,373,0.46797717
1622212331.044157.jpg,17,68,31,handbag,184,234,251,278,0.3582829
1622212211.7645118.jpg,18,69,1,person,94,236,361,324,0.9414319
1622212211.7645118.jpg,18,70,1,person,143,424,368,573,0.9246092
1622212211.7645118.jpg,18,71,1,person,100,95,367,183,0.83672905
1622212211.7645118.jpg,18,72,1,person,172,389,301,441,0.75360346
1622212211.7645118.jpg,18,73,1,person,161,535,264,567,0.6548004
1622212211.7645118.jpg,18,74,62,chair,245,429,350,528,0.4312197
1622212176.1071992.jpg,19,75,1,person,86,279,356,371,0.9072232
1622212176.1071992.jpg,19,76,1,person,0,1,473,125,0.68753564
1622212176.1071992.jpg,19,77,15,bench,218,433,475,639,0.35914472
1622212113.660814.jpg,20,78,1,person,72,358,449,571,0.9297012
1622212113.660814.jpg,20,79,72,tv,19,230,70,305,0.8483596
1622212113.660814.jpg,20,80,1,person,188,181,302,251,0.84569395
1622212113.660814.jpg,20,81,1,person,140,558,273,625,0.7801757
1622212113.660814.jpg,20,82,72,tv,14,341,64,416,0.76201093
1622212113.660814.jpg,20,83,1,person,162,500,258,534,0.70423347
1622212113.660814.jpg,20,84,62,chair,205,359,426,455,0.65838504
1622212113.660814.jpg,20,85,1,person,197,249,262,284,0.65468705
1622212113.660814.jpg,20,86,72,tv,157,246,200,268,0.50887764
1622212113.660814.jpg,20,87,62,chair,213,167,305,233,0.47067937
1622212113.660814.jpg,20,88,62,chair,216,228,266,272,0.38601768
1622212113.660814.jpg,20,89,1,person,139,350,193,380,0.337123
1622212113.660814.jpg,20,90,31,handbag,169,574,199,597,0.32533634
1622212335.4781845.jpg,21,91,62,chair,148,528,471,640,0.6784488
1622212335.4781845.jpg,21,92,1,person,170,410,257,444,0.5992058
1622212335.4781845.jpg,21,93,15,bench,222,209,354,488,0.55462587
1622212335.4781845.jpg,21,94,1,person,72,556,357,640,0.41947168
1622212335.4781845.jpg,21,95,81,sink,200,0,247,134,0.33894348
1622212288.9242418.jpg,22,96,1,person,126,525,291,582,0.86417675
1622212288.9242418.jpg,22,97,1,person,179,58,340,165,0.86412656
1622212288.9242418.jpg,22,98,72,tv,25,177,74,253,0.84675294
1622212288.9242418.jpg,22,99,1,person,92,300,325,460,0.81614506
1622212288.9242418.jpg,22,100,72,tv,23,290,70,363,0.80966437
1622212288.9242418.jpg,22,101,1,person,116,168,315,230,0.76025915
1622212288.9242418.jpg,22,102,1,person,140,443,295,488,0.73036903
1622212288.9242418.jpg,22,103,62,chair,217,29,336,100,0.6864373
1622212288.9242418.jpg,22,104,62,chair,210,306,429,458,0.62753934
1622212288.9242418.jpg,22,105,62,chair,230,267,308,306,0.47266176
1622212288.9242418.jpg,22,106,1,person,103,606,295,640,0.399478
1622212200.6961682.jpg,23,107,1,person,38,198,373,280,0.7811773
1622212200.6961682.jpg,23,108,72,tv,202,48,234,90,0.6518632
1622212200.6961682.jpg,23,109,2,bicycle,236,29,288,88,0.36642987
1622212309.8901548.jpg,24,110,1,person,103,78,418,236,0.9272249
1622212309.8901548.jpg,24,111,1,person,67,380,363,475,0.86187196
1622212309.8901548.jpg,24,112,1,person,0,410,478,640,0.77421165
1622212309.8901548.jpg,24,113,1,person,143,13,312,99,0.76776594
1622212309.8901548.jpg,24,114,1,person,138,271,320,331,0.7487707
1622212309.8901548.jpg,24,115,62,chair,205,279,317,355,0.45987567
1622212309.8901548.jpg,24,116,62,chair,191,128,398,257,0.40599778
1622212309.8901548.jpg,24,117,31,handbag,187,37,231,76,0.3902963
1622212309.8901548.jpg,24,118,33,suitcase,309,16,348,96,0.3228995
1622212216.243359.jpg,25,119,1,person,88,306,334,385,0.9189341
1622212216.243359.jpg,25,120,1,person,80,97,385,196,0.90239406
1622212216.243359.jpg,25,121,62,chair,207,462,346,555,0.85838497
1622212216.243359.jpg,25,122,1,person,131,602,277,639,0.61595505
1622212295.4082158.jpg,26,123,1,person,102,381,311,456,0.9293258
1622212295.4082158.jpg,26,124,1,person,131,270,302,333,0.91714823
1622212295.4082158.jpg,26,125,1,person,143,202,306,256,0.9097376
1622212295.4082158.jpg,26,126,1,person,22,0,399,163,0.7975917
1622212295.4082158.jpg,26,127,1,person,196,90,253,128,0.7880957
1622212295.4082158.jpg,26,128,1,person,163,45,248,78,0.6200589
1622212295.4082158.jpg,26,129,72,tv,0,22,56,116,0.5016267
1622212295.4082158.jpg,26,130,77,cell phone,114,24,128,44,0.39698857
1622212295.4082158.jpg,26,131,15,bench,336,0,476,147,0.38112578
1622212311.3311524.jpg,27,132,1,person,90,161,428,322,0.8983085
1622212311.3311524.jpg,27,133,1,person,40,374,404,481,0.88013756
1622212311.3311524.jpg,27,134,1,person,96,78,363,172,0.8118782
1622212311.3311524.jpg,27,135,62,chair,206,361,320,420,0.7285454
1622212311.3311524.jpg,27,136,1,person,121,303,317,358,0.6399663
1622212311.3311524.jpg,27,137,62,chair,182,206,410,345,0.38922438
1622212311.3311524.jpg,27,138,1,person,0,560,389,638,0.3397156
1622212320.5078588.jpg,28,139,1,person,13,117,438,284,0.9455408
1622212320.5078588.jpg,28,140,1,person,111,361,328,464,0.90291595
1622212320.5078588.jpg,28,141,1,person,246,0,475,109,0.5645165
1622212320.5078588.jpg,28,142,62,chair,217,351,340,425,0.40550888
1622212320.5078588.jpg,28,143,1,person,1,529,478,638,0.39859962
1622212320.5078588.jpg,28,144,75,remote,178,558,201,565,0.33874968
1622212320.5078588.jpg,28,145,33,suitcase,322,376,375,471,0.32222217
1622212320.5078588.jpg,28,146,31,handbag,199,345,237,372,0.30443087
1622212182.3044171.jpg,29,147,33,suitcase,262,0,328,53,0.3204201
1622212193.1401196.jpg,31,148,1,person,167,537,263,577,0.81566525
1622212193.1401196.jpg,31,149,78,microwave,205,166,238,190,0.4243825
1622212162.8577323.jpg,32,150,15,bench,227,41,397,397,0.7919998
1622212294.6971903.jpg,33,151,1,person,102,390,308,465,0.94321334
1622212294.6971903.jpg,33,152,1,person,129,283,301,346,0.92929757
1622212294.6971903.jpg,33,153,1,person,145,204,308,258,0.9004443
1622212294.6971903.jpg,33,154,1,person,31,0,389,176,0.8383527
1622212294.6971903.jpg,33,155,1,person,197,103,247,141,0.8154564
1622212294.6971903.jpg,33,156,72,tv,1,38,58,129,0.63891524
1622212294.6971903.jpg,33,157,77,cell phone,118,53,131,69,0.44600853
1622212294.6971903.jpg,33,158,62,chair,330,0,476,175,0.40281796
1622212294.6971903.jpg,33,159,1,person,184,73,235,94,0.35272402
1622212301.1341.jpg,34,160,1,person,131,113,335,194,0.91485244
1622212301.1341.jpg,34,161,1,person,83,357,338,431,0.8750491
1622212301.1341.jpg,34,162,1,person,116,222,325,291,0.85301757
1622212301.1341.jpg,34,163,72,tv,0,0,33,37,0.4477704
1622212301.1341.jpg,34,164,1,person,105,0,355,52,0.34198618
1622212166.634535.jpg,35,165,1,person,35,461,367,564,0.7125049
1622212166.634535.jpg,35,166,15,bench,217,166,410,591,0.4951085
1622212114.4029732.jpg,36,167,1,person,53,408,474,640,0.9454788
1622212114.4029732.jpg,36,168,72,tv,14,261,68,337,0.82600445
1622212114.4029732.jpg,36,169,1,person,187,216,303,289,0.8006757
1622212114.4029732.jpg,36,170,72,tv,5,374,59,453,0.70626414
1622212114.4029732.jpg,36,171,1,person,196,284,267,318,0.65033555
1622212114.4029732.jpg,36,172,62,chair,205,408,454,525,0.6479833
1622212114.4029732.jpg,36,173,62,chair,214,198,310,268,0.5180063
1622212114.4029732.jpg,36,174,1,person,160,545,241,576,0.46101242
1622212114.4029732.jpg,36,175,75,remote,250,551,260,564,0.40094188
1622212114.4029732.jpg,36,176,62,chair,217,262,271,307,0.37282938
1622212340.8061976.jpg,37,177,1,person,0,478,477,640,0.880291
1622212340.8061976.jpg,37,178,1,person,1,116,481,370,0.8078888
1622212340.8061976.jpg,37,179,1,person,155,390,223,432,0.66347265
1622212340.8061976.jpg,37,180,15,bench,217,89,409,503,0.42306823
1622212139.1468532.jpg,38,181,1,person,0,294,465,462,0.95869505
1622212139.1468532.jpg,38,182,1,person,229,25,262,33,0.43236274
1622212184.6647897.jpg,39,183,82,refrigerator,2,214,317,340,0.4672576
1622212184.6647897.jpg,39,184,44,bottle,168,519,192,531,0.3872655
1622212184.6647897.jpg,39,185,82,refrigerator,79,37,331,149,0.36527258
1622212184.6647897.jpg,39,186,44,bottle,166,534,191,547,0.33327895
1622212299.6731162.jpg,40,187,1,person,98,303,333,380,0.9153427
1622212299.6731162.jpg,40,188,1,person,135,84,330,164,0.9142306
1622212299.6731162.jpg,40,189,1,person,119,177,323,237,0.84864414
1622212299.6731162.jpg,40,190,75,remote,152,310,180,327,0.39217794
1622212299.6731162.jpg,40,191,72,tv,85,0,140,29,0.32075223
1622212300.4050527.jpg,41,192,1,person,119,209,323,278,0.9090826
1622212300.4050527.jpg,41,193,1,person,132,115,332,194,0.90500605
1622212300.4050527.jpg,41,194,1,person,94,348,335,418,0.79998183
1622212300.4050527.jpg,41,195,72,tv,0,0,35,38,0.48305327
1622212300.4050527.jpg,41,196,62,chair,253,19,319,47,0.48222327
1622212143.577719.jpg,42,197,1,person,0,266,476,521,0.9525727
1622212124.269627.jpg,43,198,1,person,159,165,366,312,0.93989515
1622212124.269627.jpg,43,199,1,person,77,461,338,546,0.9354218
1622212124.269627.jpg,43,200,1,person,132,357,306,414,0.7930782
1622212124.269627.jpg,43,201,1,person,175,266,256,309,0.6148902
1622212124.269627.jpg,43,202,62,chair,208,138,372,258,0.56238484
1622212124.269627.jpg,43,203,1,person,79,558,425,640,0.47168726
1622212124.269627.jpg,43,204,62,chair,213,248,291,309,0.4416032
1622212185.4498084.jpg,44,205,1,person,83,0,411,130,0.88175046
1622212185.4498084.jpg,44,206,82,refrigerator,0,212,322,343,0.43971938
1622212350.8775778.jpg,45,207,1,person,0,515,400,639,0.87649524
1622212350.8775778.jpg,45,208,72,tv,155,53,211,143,0.40170524
1622212350.8775778.jpg,45,209,62,chair,222,352,272,386,0.33166033
1622212121.220356.jpg,46,210,1,person,167,272,343,409,0.9321667
1622212121.220356.jpg,46,211,1,person,85,534,325,619,0.927376
1622212121.220356.jpg,46,212,1,person,174,349,276,405,0.7523539
1622212121.220356.jpg,46,213,62,chair,208,247,347,349,0.64322925
1622212121.220356.jpg,46,214,72,tv,0,330,30,426,0.4485987
1622212331.7816348.jpg,47,215,1,person,19,199,420,378,0.9313315
1622212331.7816348.jpg,47,216,15,bench,217,504,330,638,0.45045736
1622212331.7816348.jpg,47,217,62,chair,211,169,466,312,0.39986587
1622212331.7816348.jpg,47,218,31,handbag,183,164,258,214,0.3697891
1622212304.0581985.jpg,48,219,1,person,55,462,351,562,0.9432694
1622212304.0581985.jpg,48,220,1,person,122,165,339,255,0.92319405
1622212304.0581985.jpg,48,221,1,person,101,282,334,351,0.89335704
1622212304.0581985.jpg,48,222,1,person,192,25,325,97,0.7680076
1622212304.0581985.jpg,48,223,72,tv,0,1,31,100,0.51576793
1622212304.0581985.jpg,48,224,75,remote,135,484,166,504,0.47344258
1622212304.0581985.jpg,48,225,85,clock,133,582,153,600,0.40017053
1622212304.0581985.jpg,48,226,1,person,227,1,278,1,0.32025528
1622212304.0581985.jpg,48,227,1,person,227,1,278,1,0.32025528
1622212304.0581985.jpg,48,228,1,person,227,1,278,1,0.32025528
1622212304.0581985.jpg,48,229,1,person,227,1,278,1,0.32025528
1622212304.0581985.jpg,48,230,1,person,227,1,278,1,0.32025528
1622212304.0581985.jpg,48,231,1,person,227,1,278,1,0.32025528
1622212304.0581985.jpg,48,232,1,person,227,1,278,1,0.32025528
1622212304.0581985.jpg,48,233,1,person,227,1,278,1,0.32025528
1622212304.0581985.jpg,48,234,1,person,227,1,278,1,0.32025528
1622212304.0581985.jpg,48,235,1,person,227,1,278,1,0.32025528
1622212304.0581985.jpg,48,236,1,person,227,1,278,1,0.32025528
1622212304.0581985.jpg,48,237,1,person,227,1,278,1,0.32025528
1622212304.0581985.jpg,48,238,1,person,227,1,278,1,0.32025528
1622212304.0581985.jpg,48,239,1,person,227,1,278,1,0.32025528
1622212304.0581985.jpg,48,240,1,person,227,1,278,1,0.32025528
1622212304.0581985.jpg,48,241,1,person,227,1,278,1,0.32025528
1622212304.0581985.jpg,48,242,1,person,227,1,278,1,0.32025528
1622212304.0581985.jpg,48,243,1,person,227,1,278,1,0.32025528
1622212304.0581985.jpg,48,244,1,person,227,1,278,1,0.32025528
1622212304.0581985.jpg,48,245,1,person,227,1,278,1,0.32025528
1622212304.0581985.jpg,48,246,1,person,227,1,278,1,0.32025528
1622212304.0581985.jpg,48,247,1,person,227,1,278,1,0.32025528
1622212304.0581985.jpg,48,248,1,person,227,1,278,1,0.32025528
1622212304.0581985.jpg,48,249,1,person,227,1,278,1,0.32025528
1622212304.0581985.jpg,48,250,1,person,227,1,278,1,0.32025528
1622212304.0581985.jpg,48,251,1,person,227,1,278,1,0.32025528
1622212304.0581985.jpg,48,252,1,person,227,1,278,1,0.32025528
1622212304.0581985.jpg,48,253,1,person,227,1,278,1,0.32025528
1622212304.0581985.jpg,48,254,1,person,227,1,278,1,0.32025528
1622212304.0581985.jpg,48,255,1,person,227,1,278,1,0.32025528
1622212304.0581985.jpg,48,256,1,person,227,1,278,1,0.32025528
1622212304.0581985.jpg,48,257,1,person,227,1,278,1,0.32025528
1622212304.0581985.jpg,48,258,1,person,227,1,278,1,0.32025528
1622212304.0581985.jpg,48,259,1,person,227,1,278,1,0.32025528
1622212304.0581985.jpg,48,260,1,person,227,1,278,1,0.32025528
1622212304.0581985.jpg,48,261,1,person,227,1,278,1,0.32025528
1622212304.0581985.jpg,48,262,1,person,227,1,278,1,0.32025528
1622212304.0581985.jpg,48,263,1,person,227,1,278,1,0.32025528
1622212304.0581985.jpg,48,264,1,person,227,1,278,1,0.32025528
1622212304.0581985.jpg,48,265,1,person,227,1,278,1,0.32025528
1622212304.0581985.jpg,48,266,1,person,227,1,278,1,0.32025528
1622212304.0581985.jpg,48,267,1,person,227,1,278,1,0.32025528
1622212304.0581985.jpg,48,268,1,person,227,1,278,1,0.32025528
1622212304.0581985.jpg,48,269,1,person,227,1,278,1,0.32025528
1622212304.0581985.jpg,48,270,1,person,227,1,278,1,0.32025528
1622212304.0581985.jpg,48,271,1,person,227,1,278,1,0.32025528
1622212304.0581985.jpg,48,272,1,person,227,1,278,1,0.32025528
1622212304.0581985.jpg,48,273,1,person,227,1,278,1,0.32025528
1622212304.0581985.jpg,48,274,1,person,227,1,278,1,0.32025528
1622212304.0581985.jpg,48,275,1,person,227,1,278,1,0.32025528
1622212304.0581985.jpg,48,276,1,person,227,1,278,1,0.32025528
1622212304.0581985.jpg,48,277,1,person,227,1,278,1,0.32025528
1622212304.0581985.jpg,48,278,1,person,227,1,278,1,0.32025528
1622212304.0581985.jpg,48,279,1,person,227,1,278,1,0.32025528
1622212304.0581985.jpg,48,280,1,person,227,1,278,1,0.32025528
1622212304.0581985.jpg,48,281,1,person,227,1,278,1,0.32025528
1622212304.0581985.jpg,48,282,1,person,227,1,278,1,0.32025528
1622212304.0581985.jpg,48,283,1,person,227,1,278,1,0.32025528
1622212304.0581985.jpg,48,284,1,person,227,1,278,1,0.32025528
1622212304.0581985.jpg,48,285,1,person,227,1,278,1,0.32025528
1622212304.0581985.jpg,48,286,1,person,227,1,278,1,0.32025528
1622212304.0581985.jpg,48,287,1,person,227,1,278,1,0.32025528
1622212304.0581985.jpg,48,288,1,person,227,1,278,1,0.32025528
1622212304.0581985.jpg,48,289,1,person,227,1,278,1,0.32025528
1622212304.0581985.jpg,48,290,1,person,227,1,278,1,0.32025528
1622212304.0581985.jpg,48,291,1,person,227,1,278,1,0.32025528
1622212304.0581985.jpg,48,292,1,person,227,1,278,1,0.32025528
1622212304.0581985.jpg,48,293,1,person,227,1,278,1,0.32025528
1622212304.0581985.jpg,48,294,1,person,227,1,278,1,0.32025528
1622212304.0581985.jpg,48,295,1,person,227,1,278,1,0.32025528
1622212304.0581985.jpg,48,296,1,person,227,1,278,1,0.32025528
1622212304.0581985.jpg,48,297,1,person,227,1,278,1,0.32025528
1622212304.0581985.jpg,48,298,1,person,227,1,278,1,0.32025528
1622212304.0581985.jpg,48,299,1,person,227,1,278,1,0.32025528
1622212304.0581985.jpg,48,300,1,person,227,1,278,1,0.32025528
1622212304.0581985.jpg,48,301,1,person,227,1,278,1,0.32025528
1622212304.0581985.jpg,48,302,1,person,227,1,278,1,0.32025528
1622212304.0581985.jpg,48,303,1,person,227,1,278,1,0.32025528
1622212304.0581985.jpg,48,304,1,person,227,1,278,1,0.32025528
1622212304.0581985.jpg,48,305,1,person,227,1,278,1,0.32025528
1622212304.0581985.jpg,48,306,1,person,227,1,278,1,0.32025528
1622212304.0581985.jpg,48,307,1,person,227,1,278,1,0.32025528
1622212304.0581985.jpg,48,308,1,person,227,1,278,1,0.32025528
1622212304.0581985.jpg,48,309,1,person,227,1,278,1,0.32025528
1622212304.0581985.jpg,48,310,1,person,227,1,278,1,0.32025528
1622212304.0581985.jpg,48,311,1,person,227,1,278,1,0.32025528
1622212304.0581985.jpg,48,312,1,person,227,1,278,1,0.32025528
1622212304.0581985.jpg,48,313,1,person,227,1,278,1,0.32025528
1622212304.0581985.jpg,48,314,1,person,227,1,278,1,0.32025528
1622212304.0581985.jpg,48,315,1,person,227,1,278,1,0.32025528
1622212304.0581985.jpg,48,316,1,person,227,1,278,1,0.32025528
1622212304.0581985.jpg,48,317,1,person,227,1,278,1,0.32025528
1622212304.0581985.jpg,48,318,1,person,227,1,278,1,0.32025528
1622212346.5031703.jpg,49,319,1,person,112,368,224,427,0.65294147
1622212346.5031703.jpg,49,320,15,bench,228,0,474,497,0.5394731
1622212346.5031703.jpg,49,321,62,chair,441,0,479,98,0.31268638
1622212187.7790663.jpg,50,322,1,person,84,493,351,626,0.96390915
1622212187.7790663.jpg,50,323,82,refrigerator,0,134,330,271,0.60886437
1622212187.7790663.jpg,50,324,44,bottle,167,479,192,489,0.4299141
1622212187.7790663.jpg,50,325,44,bottle,168,463,193,473,0.40763435
1622212194.648831.jpg,51,326,86,vase,152,15,194,40,0.30609584
1622212183.8744035.jpg,52,327,44,bottle,168,496,192,506,0.4614212
1622212183.8744035.jpg,52,328,82,refrigerator,79,23,326,134,0.44573888
1622212183.8744035.jpg,52,329,82,refrigerator,3,199,312,322,0.4063766
1622212183.8744035.jpg,52,330,44,bottle,167,511,191,522,0.3501677
1622212348.6559699.jpg,53,331,1,person,57,443,362,562,0.9460825
1622212348.6559699.jpg,53,332,82,refrigerator,0,515,346,640,0.4897855
1622212348.6559699.jpg,53,333,15,bench,236,0,473,400,0.39621395
1622212307.656205.jpg,54,334,1,person,73,410,344,498,0.94185674
1622212307.656205.jpg,54,335,1,person,99,275,349,377,0.9365036
1622212307.656205.jpg,54,336,1,person,186,120,326,205,0.8604139
1622212307.656205.jpg,54,337,1,person,115,0,413,112,0.7307519
1622212307.656205.jpg,54,338,1,person,86,22,192,114,0.5863161
1622212307.656205.jpg,54,339,62,chair,207,32,397,116,0.38005018
1622212307.656205.jpg,54,340,62,chair,245,133,322,208,0.3141631
1622212161.3730853.jpg,55,341,1,person,90,512,316,581,0.81096035
1622212161.3730853.jpg,55,342,15,bench,238,2,391,323,0.63951564
1622212343.0055885.jpg,56,343,1,person,0,267,485,521,0.82069266
1622212343.0055885.jpg,56,344,1,person,164,430,224,467,0.43122086
1622212343.0055885.jpg,56,345,15,bench,233,54,465,571,0.4200831
1622212118.941059.jpg,57,346,1,person,171,272,329,385,0.8786346
1622212118.941059.jpg,57,347,1,person,98,511,320,585,0.844288
1622212118.941059.jpg,57,348,1,person,109,554,388,638,0.72772837
1622212118.941059.jpg,57,349,72,tv,0,327,39,419,0.6757215
1622212118.941059.jpg,57,350,62,chair,214,252,335,339,0.6121735
1622212118.941059.jpg,57,351,1,person,178,345,247,387,0.5805429
1622212118.941059.jpg,57,352,72,tv,0,464,24,564,0.34001988
1622212118.941059.jpg,57,353,62,chair,224,572,277,600,0.30437446
1622212118.941059.jpg,57,354,62,chair,213,330,263,381,0.3015019
1622212167.3629334.jpg,58,355,1,person,1,67,477,324,0.9146859
1622212167.3629334.jpg,58,356,73,laptop,93,243,162,338,0.31185755
1622212167.3629334.jpg,58,357,1,person,0,553,390,638,0.3099959
1622212329.564324.jpg,59,358,1,person,48,334,389,497,0.9227987
1622212329.564324.jpg,59,359,72,tv,93,112,138,163,0.80708706
1622212329.564324.jpg,59,360,31,handbag,186,314,246,354,0.45206663
1622212329.564324.jpg,59,361,33,suitcase,399,375,476,543,0.36145943
1622212135.4969633.jpg,60,362,1,person,0,439,420,584,0.90493107
1622212135.4969633.jpg,60,363,1,person,151,69,304,161,0.7680322
1622212135.4969633.jpg,60,364,1,person,208,0,473,256,0.56610763
1622212135.4969633.jpg,60,365,62,chair,204,44,348,156,0.46815726
1622212344.386428.jpg,61,366,1,person,138,392,221,444,0.82997465
1622212344.386428.jpg,61,367,15,bench,221,0,449,526,0.65475285
1622212344.386428.jpg,61,368,62,chair,411,0,477,183,0.34413654
1622212215.4673913.jpg,62,369,1,person,88,126,379,231,0.94089484
1622212215.4673913.jpg,62,370,1,person,0,215,478,474,0.9304712
1622212215.4673913.jpg,62,371,62,chair,211,438,333,521,0.8569579
1622212215.4673913.jpg,62,372,62,chair,252,557,471,639,0.5696626
1622212215.4673913.jpg,62,373,1,person,35,536,455,639,0.42584643
1622212193.897863.jpg,63,374,1,person,175,448,260,475,0.8452581
1622212140.6278753.jpg,64,375,1,person,0,283,478,474,0.9578029
1622212206.6093678.jpg,65,376,1,person,67,455,359,545,0.8835574
1622212206.6093678.jpg,65,377,1,person,0,262,452,387,0.83823943
1622212206.6093678.jpg,65,378,72,tv,62,121,121,180,0.3744663
1622212206.6093678.jpg,65,379,72,tv,56,227,102,274,0.3021527
1622212336.2128537.jpg,66,380,1,person,93,465,473,640,0.8102921
1622212336.2128537.jpg,66,381,1,person,173,345,250,381,0.53226197
1622212336.2128537.jpg,66,382,15,bench,227,122,361,409,0.4425593
1622212352.3759818.jpg,67,383,1,person,0,360,415,481,0.8578315
1622212352.3759818.jpg,67,384,62,chair,231,200,278,230,0.31126648
1622212160.6137435.jpg,68,385,1,person,106,374,316,433,0.8641442
1622212160.6137435.jpg,68,386,15,bench,241,0,389,190,0.5920369
1622212160.6137435.jpg,68,387,72,tv,171,231,212,289,0.4953605
1622212160.6137435.jpg,68,388,65,bed,77,427,349,638,0.38272288
1622212160.6137435.jpg,68,389,72,tv,110,568,149,605,0.3563319
1622212171.6733267.jpg,69,390,15,bench,221,65,467,640,0.646394
1622212171.6733267.jpg,69,391,1,person,84,287,352,411,0.60595685
1622212219.1808152.jpg,70,392,1,person,69,101,365,223,0.94379634
1622212219.1808152.jpg,70,393,1,person,0,489,480,639,0.91542774
1622212354.6380515.jpg,71,394,1,person,0,250,460,386,0.7774292
1622212115.1449425.jpg,72,395,1,person,182,273,304,347,0.8665358
1622212115.1449425.jpg,72,396,72,tv,6,318,63,398,0.81088275
1622212115.1449425.jpg,72,397,62,chair,194,502,466,638,0.8098147
1622212115.1449425.jpg,72,398,72,tv,0,436,51,521,0.70288545
1622212115.1449425.jpg,72,399,1,person,195,348,271,379,0.59888875
1622212115.1449425.jpg,72,400,1,person,26,497,396,640,0.5251297
1622212115.1449425.jpg,72,401,1,person,125,463,315,510,0.49642828
1622212115.1449425.jpg,72,402,62,chair,211,256,309,327,0.4917345
1622212115.1449425.jpg,72,403,1,person,276,0,330,77,0.4107312
1622212328.80354.jpg,73,404,1,person,53,370,382,520,0.9035506
1622212328.80354.jpg,73,405,72,tv,95,144,138,193,0.7774547
1622212328.80354.jpg,73,406,31,handbag,185,344,242,384,0.51165366
1622212328.80354.jpg,73,407,82,refrigerator,0,0,352,104,0.36101952
1622212112.1873314.jpg,74,408,1,person,93,361,400,552,0.87809134
1622212112.1873314.jpg,74,409,72,tv,27,250,77,323,0.8578768
1622212112.1873314.jpg,74,410,1,person,192,208,299,285,0.81519824
1622212112.1873314.jpg,74,411,1,person,145,570,274,635,0.79848576
1622212112.1873314.jpg,74,412,1,person,165,516,258,551,0.7683814
1622212112.1873314.jpg,74,413,72,tv,19,357,69,431,0.7548684
1622212112.1873314.jpg,74,414,1,person,202,271,264,303,0.58537775
1622212112.1873314.jpg,74,415,62,chair,217,191,303,255,0.5626758
1622212112.1873314.jpg,74,416,72,tv,164,269,203,289,0.5177177
1622212112.1873314.jpg,74,417,62,chair,220,372,397,442,0.46337628
1622212112.1873314.jpg,74,418,44,bottle,275,473,320,489,0.38568512
1622212322.7934852.jpg,75,419,1,person,0,141,477,372,0.9151916
1622212322.7934852.jpg,75,420,1,person,98,356,337,471,0.9133307
1622212322.7934852.jpg,75,421,33,suitcase,334,376,393,481,0.4059357
1622212322.7934852.jpg,75,422,31,handbag,196,341,238,370,0.40021056
1622212322.7934852.jpg,75,423,62,chair,213,347,350,432,0.35042253
1622212322.7934852.jpg,75,424,62,chair,214,590,304,639,0.3327364
1622212322.7934852.jpg,75,425,82,refrigerator,0,35,326,145,0.30299526
1622212334.7500672.jpg,76,426,1,person,43,0,479,120,0.679932
1622212334.7500672.jpg,76,427,1,person,169,465,257,502,0.6481317
1622212334.7500672.jpg,76,428,15,bench,219,289,347,561,0.4437127
1622212334.7500672.jpg,76,429,81,sink,201,104,242,231,0.3666632
1622212178.4504948.jpg,77,430,1,person,77,396,351,503,0.9112474
1622212178.4504948.jpg,77,431,1,person,14,0,318,72,0.33877254
1622212208.8212051.jpg,78,432,1,person,26,504,369,619,0.9322113
1622212208.8212051.jpg,78,433,1,person,126,247,324,327,0.90348464
1622212208.8212051.jpg,78,434,1,person,131,151,329,234,0.87973166
1622212208.8212051.jpg,78,435,1,person,174,398,324,503,0.82221454
1622212208.8212051.jpg,78,436,1,person,181,386,287,424,0.54701436
1622212208.8212051.jpg,78,437,73,laptop,190,192,211,240,0.3179412
1622212119.6974561.jpg,79,438,1,person,91,519,319,597,0.89159596
1622212119.6974561.jpg,79,439,1,person,169,274,332,399,0.86280465
1622212119.6974561.jpg,79,440,62,chair,212,250,338,341,0.6602284
1622212119.6974561.jpg,79,441,72,tv,0,328,36,421,0.58691585
1622212119.6974561.jpg,79,442,1,person,177,346,249,390,0.56933373
1622212119.6974561.jpg,79,443,1,person,98,567,363,640,0.45808536
1622212119.6974561.jpg,79,444,62,chair,213,331,263,387,0.31643772
1622212342.2776651.jpg,80,445,1,person,1,4,479,270,0.88869655
1622212342.2776651.jpg,80,446,1,person,153,392,225,435,0.69943327
1622212342.2776651.jpg,80,447,15,bench,223,126,411,514,0.37359455
1622212342.2776651.jpg,80,448,84,book,134,159,193,259,0.3405507
1622212334.0222983.jpg,81,449,1,person,0,0,467,175,0.9213909
1622212334.0222983.jpg,81,450,15,bench,220,325,343,596,0.6091113
1622212334.0222983.jpg,81,451,1,person,172,488,259,520,0.54038733
1622212334.0222983.jpg,81,452,41,skateboard,430,0,478,92,0.45511684
1622212334.0222983.jpg,81,453,81,sink,202,160,238,276,0.4058704
1622212297.5229828.jpg,82,454,1,person,140,141,318,210,0.92503065
1622212297.5229828.jpg,82,455,1,person,123,225,311,284,0.90819335
1622212297.5229828.jpg,82,456,1,person,94,358,318,425,0.881763
1622212297.5229828.jpg,82,457,1,person,194,20,311,71,0.7991525
1622212297.5229828.jpg,82,458,72,tv,0,0,44,61,0.59531057
1622212297.5229828.jpg,82,459,1,person,220,0,446,72,0.48529896
1622212297.5229828.jpg,82,460,75,remote,161,366,185,377,0.34544024
1622212297.5229828.jpg,82,461,1,person,169,0,254,25,0.3158612
1622212321.2624981.jpg,83,462,1,person,3,106,445,296,0.9667731
1622212321.2624981.jpg,83,463,1,person,0,475,476,640,0.92783856
1622212321.2624981.jpg,83,464,1,person,105,362,329,467,0.90026176
1622212321.2624981.jpg,83,465,1,person,268,0,477,75,0.46226147
1622212321.2624981.jpg,83,466,33,suitcase,322,378,377,474,0.41971484
1622212321.2624981.jpg,83,467,31,handbag,167,399,217,430,0.3424504
1622212321.2624981.jpg,83,468,62,chair,206,351,340,428,0.30463642
1622212327.305202.jpg,84,469,1,person,76,307,363,441,0.92992604
1622212327.305202.jpg,84,470,72,tv,99,96,142,144,0.7277718
1622212327.305202.jpg,84,471,31,handbag,191,285,244,320,0.42112222
1622212327.305202.jpg,84,472,62,chair,193,288,378,386,0.37199432
1622212327.305202.jpg,84,473,67,dining table,214,564,315,639,0.3218758
1622212345.797965.jpg,86,474,1,person,123,363,222,423,0.80066705
1622212345.797965.jpg,86,475,15,bench,230,0,461,508,0.48732254
1622212211.0184653.jpg,87,476,1,person,108,263,348,342,0.9337847
1622212211.0184653.jpg,87,477,1,person,152,437,352,567,0.92400956
1622212211.0184653.jpg,87,478,1,person,115,141,352,214,0.8670604
1622212211.0184653.jpg,87,479,1,person,163,538,266,576,0.6890986
1622212211.0184653.jpg,87,480,1,person,175,414,297,451,0.50747424
1622212211.0184653.jpg,87,481,62,chair,252,445,338,531,0.35359493
1622212333.2364807.jpg,88,482,1,person,0,64,437,270,0.9284665
1622212333.2364807.jpg,88,483,1,person,170,553,257,590,0.66781884
1622212333.2364807.jpg,88,484,31,handbag,175,23,261,86,0.44963443
1622212333.2364807.jpg,88,485,62,chair,245,36,476,197,0.4378662
1622212333.2364807.jpg,88,486,15,bench,216,398,328,640,0.31807628
1622212115.9017358.jpg,89,487,1,person,180,292,310,373,0.8853853
1622212115.9017358.jpg,89,488,1,person,119,492,301,550,0.7527737
1622212115.9017358.jpg,89,489,72,tv,1,338,57,421,0.7457582
1622212115.9017358.jpg,89,490,1,person,181,354,278,402,0.7157728
1622212115.9017358.jpg,89,491,72,tv,0,461,44,552,0.60866416
1622212115.9017358.jpg,89,492,1,person,282,0,339,86,0.55303967
1622212115.9017358.jpg,89,493,62,chair,211,275,314,349,0.53321105
1622212115.9017358.jpg,89,494,62,chair,185,565,475,639,0.5060378
1622212115.9017358.jpg,89,495,1,person,1,559,345,640,0.38759226
1622212115.9017358.jpg,89,496,1,person,161,500,337,576,0.37908295
1622212115.9017358.jpg,89,497,73,laptop,214,341,253,384,0.3577171
1622212183.0864582.jpg,90,498,82,refrigerator,79,27,323,137,0.5663241
1622212183.0864582.jpg,90,499,82,refrigerator,8,200,309,320,0.37504596
1622212183.0864582.jpg,90,500,44,bottle,168,491,190,503,0.356165
1622212183.0864582.jpg,90,501,44,bottle,168,504,189,517,0.30728638
1622212292.5726042.jpg,91,502,1,person,132,348,294,401,0.9008484
1622212292.5726042.jpg,91,503,1,person,108,437,298,496,0.8996266
1622212292.5726042.jpg,91,504,1,person,148,269,300,312,0.8165786
1622212292.5726042.jpg,91,505,1,person,43,165,317,290,0.785372
1622212292.5726042.jpg,91,506,62,chair,211,80,477,249,0.7581392
1622212292.5726042.jpg,91,507,72,tv,1,0,59,69,0.69204736
1622212292.5726042.jpg,91,508,72,tv,13,111,63,192,0.59595114
1622212292.5726042.jpg,91,509,1,person,66,79,372,268,0.42422977
1622212292.5726042.jpg,91,510,1,person,188,0,293,28,0.3457721
1622212213.996273.jpg,92,511,1,person,95,150,385,245,0.9187938
1622212213.996273.jpg,92,512,1,person,107,375,324,457,0.8905628
1622212213.996273.jpg,92,513,1,person,102,452,434,640,0.87638193
1622212213.996273.jpg,92,514,72,tv,74,21,183,76,0.4416429
1622212213.996273.jpg,92,515,62,chair,228,460,417,616,0.3984965
1622212136.9567578.jpg,93,516,1,person,0,434,437,591,0.9465475
1622212136.9567578.jpg,93,517,1,person,148,46,319,141,0.7823337
1622212136.9567578.jpg,93,518,62,chair,204,7,371,133,0.56126165
1622212136.9567578.jpg,93,519,1,person,152,0,477,208,0.427643
1622212136.9567578.jpg,93,520,77,cell phone,68,473,92,493,0.42259517
1622212298.9545367.jpg,94,521,1,person,137,104,324,180,0.9376153
1622212298.9545367.jpg,94,522,1,person,120,195,319,255,0.8875122
1622212298.9545367.jpg,94,523,1,person,101,319,328,391,0.8816612
1622212298.9545367.jpg,94,524,1,person,196,0,309,33,0.5214162
1622212214.7347.jpg,95,525,1,person,99,174,381,273,0.93385136
1622212214.7347.jpg,95,526,1,person,94,380,335,459,0.9156577
1622212214.7347.jpg,95,527,62,chair,220,448,326,522,0.708716
1622212214.7347.jpg,95,528,1,person,7,520,485,637,0.49791992
1622212214.7347.jpg,95,529,72,tv,49,2,190,84,0.40409482
1622212289.6499033.jpg,96,530,1,person,126,525,291,582,0.8719687
1622212289.6499033.jpg,96,531,1,person,179,58,339,165,0.852965
1622212289.6499033.jpg,96,532,72,tv,25,178,74,253,0.85005736
1622212289.6499033.jpg,96,533,1,person,91,298,331,459,0.8099711
1622212289.6499033.jpg,96,534,72,tv,22,290,70,363,0.8096925
1622212289.6499033.jpg,96,535,1,person,118,167,315,237,0.78149015
1622212289.6499033.jpg,96,536,1,person,140,442,295,488,0.71843874
1622212289.6499033.jpg,96,537,62,chair,217,29,336,100,0.6690538
1622212289.6499033.jpg,96,538,62,chair,212,305,430,459,0.6205045
1622212289.6499033.jpg,96,539,62,chair,229,267,310,304,0.51244575
1622212289.6499033.jpg,96,540,1,person,103,608,296,640,0.37809843
1622212165.117326.jpg,97,541,1,person,74,201,365,333,0.79413354
1622212165.117326.jpg,97,542,15,bench,215,163,407,562,0.6229286
1622212172.3925073.jpg,98,543,1,person,91,321,347,397,0.5913881
1622212172.3925073.jpg,98,544,84,book,158,291,199,345,0.50676465
1622212172.3925073.jpg,98,545,15,bench,223,161,472,635,0.4702884
1622212172.3925073.jpg,98,546,44,bottle,190,238,209,246,0.30087847
1622212343.6768723.jpg,99,547,1,person,143,407,222,455,0.74616164
1622212343.6768723.jpg,99,548,15,bench,223,13,464,557,0.68937945
1622212136.22833.jpg,100,549,1,person,0,408,422,553,0.9394345
1622212136.22833.jpg,100,550,1,person,149,29,310,130,0.8075993
1622212136.22833.jpg,100,551,1,person,205,0,475,215,0.5548941
1622212136.22833.jpg,100,552,62,chair,206,1,368,120,0.41529748
1622212136.22833.jpg,100,553,75,remote,64,443,83,456,0.31063968
1622212203.641415.jpg,101,554,1,person,44,513,381,612,0.85973704
1622212203.641415.jpg,101,555,1,person,0,0,428,115,0.8426353
1622212138.416784.jpg,102,556,1,person,0,321,461,490,0.9658551
1622212202.9000607.jpg,103,557,1,person,41,545,374,639,0.8571299
1622212202.9000607.jpg,103,558,1,person,7,65,408,168,0.79014415
1622212144.316147.jpg,104,559,1,person,0,263,475,527,0.9601311
1622212118.165999.jpg,105,560,1,person,175,286,326,394,0.8964397
1622212118.165999.jpg,105,561,1,person,98,521,315,592,0.87776625
1622212118.165999.jpg,105,562,1,person,110,556,376,639,0.6741733
1622212118.165999.jpg,105,563,72,tv,0,338,41,430,0.6624946
1622212118.165999.jpg,105,564,62,chair,208,265,331,354,0.56938076
1622212118.165999.jpg,105,565,1,person,177,357,264,406,0.5220621
1622212118.165999.jpg,105,566,1,person,109,141,164,165,0.4448747
1622212118.165999.jpg,105,567,72,tv,0,475,28,573,0.4318405
1622212218.4452317.jpg,106,568,1,person,78,158,346,249,0.9495305
1622212218.4452317.jpg,106,569,62,chair,282,545,420,614,0.4684381
1622212129.5374606.jpg,107,570,1,person,117,378,416,623,0.9237275
1622212129.5374606.jpg,107,571,1,person,91,177,338,252,0.8274802
1622212129.5374606.jpg,107,572,1,person,150,470,237,547,0.7201666
1622212129.5374606.jpg,107,573,62,chair,185,355,417,527,0.57705015
1622212129.5374606.jpg,107,574,62,chair,197,460,236,517,0.3279264
1622212110.7276893.jpg,108,575,1,person,94,367,399,545,0.89036965
1622212110.7276893.jpg,108,576,1,person,194,202,300,269,0.85948646
1622212110.7276893.jpg,108,577,72,tv,27,246,76,319,0.85350764
1622212110.7276893.jpg,108,578,1,person,146,567,273,629,0.80282384
1622212110.7276893.jpg,108,579,72,tv,20,354,69,428,0.77984333
1622212110.7276893.jpg,108,580,1,person,164,513,259,546,0.77923906
1622212110.7276893.jpg,108,581,1,person,165,0,319,39,0.6540818
1622212110.7276893.jpg,108,582,1,person,203,268,266,300,0.4858927
1622212110.7276893.jpg,108,583,62,chair,213,367,395,433,0.48568505
1622212110.7276893.jpg,108,584,62,chair,216,188,302,251,0.47284994
1622212110.7276893.jpg,108,585,44,bottle,283,468,325,481,0.4427706
1622212110.7276893.jpg,108,586,72,tv,164,265,204,285,0.3549332
1622212110.7276893.jpg,108,587,64,potted plant,155,537,215,578,0.340234
1622212125.0379303.jpg,109,588,1,person,154,297,364,470,0.91302955
1622212125.0379303.jpg,109,589,1,person,167,388,274,449,0.7184428
1622212125.0379303.jpg,109,590,62,chair,205,270,367,392,0.6299859
1622212125.0379303.jpg,109,591,1,person,112,442,305,492,0.46154726
1622212125.0379303.jpg,109,592,31,handbag,159,450,199,473,0.3273736
1622212125.0379303.jpg,109,593,62,chair,205,372,292,451,0.30587107
1622212323.5446286.jpg,111,594,1,person,0,0,477,210,0.9353837
1622212323.5446286.jpg,111,595,1,person,95,354,339,471,0.8944901
1622212323.5446286.jpg,111,596,1,person,0,187,473,381,0.86296433
1622212323.5446286.jpg,111,597,33,suitcase,337,373,400,483,0.41354364
1622212323.5446286.jpg,111,598,62,chair,209,354,353,424,0.31766275
1622212127.2922366.jpg,112,599,62,chair,197,448,393,588,0.80782855
1622212127.2922366.jpg,112,600,73,laptop,199,547,228,592,0.6054182
1622212127.2922366.jpg,112,601,1,person,101,437,315,491,0.5458507
1622212127.2922366.jpg,112,602,1,person,127,476,300,594,0.44517466
1622212173.1454577.jpg,113,603,1,person,94,266,345,346,0.6047728
1622212173.1454577.jpg,113,604,15,bench,226,211,476,637,0.57673466
1622212173.1454577.jpg,113,605,1,person,94,267,227,338,0.31326383
1622212219.893624.jpg,114,606,1,person,40,51,400,178,0.93879175
1622212134.7639873.jpg,115,607,1,person,0,474,415,619,0.9246098
1622212134.7639873.jpg,115,608,1,person,152,113,283,201,0.8446418
1622212134.7639873.jpg,115,609,1,person,121,0,473,299,0.7840773
1622212134.7639873.jpg,115,610,75,remote,76,508,92,520,0.4748434
1622212134.7639873.jpg,115,611,77,cell phone,245,52,268,91,0.45582715
1622212134.7639873.jpg,115,612,62,chair,326,0,475,107,0.4320202
1622212134.7639873.jpg,115,613,73,laptop,208,84,277,168,0.3899208
1622212310.6182914.jpg,116,614,1,person,55,383,373,529,0.93325186
1622212310.6182914.jpg,116,615,1,person,97,133,427,289,0.9284972
1622212310.6182914.jpg,116,616,1,person,101,6,368,83,0.83822167
1622212310.6182914.jpg,116,617,1,person,113,301,321,370,0.8039092
1622212310.6182914.jpg,116,618,1,person,141,71,313,151,0.77860886
1622212310.6182914.jpg,116,619,1,person,4,518,465,638,0.7282769
1622212310.6182914.jpg,116,620,62,chair,201,334,318,408,0.6989916
1622212310.6182914.jpg,116,621,62,chair,182,177,404,314,0.44742924
1622212310.6182914.jpg,116,622,33,suitcase,308,71,344,150,0.44015017
1622212310.6182914.jpg,116,623,84,book,191,69,220,127,0.38054755
1622212310.6182914.jpg,116,624,62,chair,241,72,307,102,0.35375825
1622212310.6182914.jpg,116,625,75,remote,127,382,148,417,0.32970953
1622212340.0983298.jpg,117,626,1,person,0,142,473,396,0.91668844
1622212340.0983298.jpg,117,627,1,person,0,400,477,640,0.6957659
1622212340.0983298.jpg,117,628,62,chair,214,417,374,488,0.31713468
1622212288.1409004.jpg,118,629,1,person,126,525,291,581,0.8537302
1622212288.1409004.jpg,118,630,1,person,179,58,340,165,0.85332614
1622212288.1409004.jpg,118,631,72,tv,25,178,74,253,0.85161906
1622212288.1409004.jpg,118,632,1,person,92,303,328,465,0.84143406
1622212288.1409004.jpg,118,633,72,tv,22,290,70,363,0.80399656
1622212288.1409004.jpg,118,634,1,person,140,445,295,491,0.76311624
1622212288.1409004.jpg,118,635,1,person,118,164,315,224,0.7336483
1622212288.1409004.jpg,118,636,62,chair,217,29,336,100,0.67791414
1622212288.1409004.jpg,118,637,62,chair,212,306,430,456,0.60994047
1622212288.1409004.jpg,118,638,62,chair,230,267,308,306,0.4779437
1622212288.1409004.jpg,118,639,1,person,103,605,295,639,0.3911155
1622212288.1409004.jpg,118,640,1,person,164,290,309,331,0.32653028
1622212303.3315077.jpg,120,641,1,person,125,149,336,235,0.9320986
1622212303.3315077.jpg,120,642,1,person,106,258,329,329,0.90210986
1622212303.3315077.jpg,120,643,1,person,73,418,347,499,0.89428526
1622212303.3315077.jpg,120,644,1,person,194,29,305,77,0.6306293
1622212303.3315077.jpg,120,645,72,tv,0,0,31,80,0.5321579
1622212303.3315077.jpg,120,646,1,person,78,0,378,55,0.37879783
1622212303.3315077.jpg,120,647,75,remote,149,426,182,441,0.31528744
1622212109.2381008.jpg,121,648,1,person,95,365,402,545,0.8870363
1622212109.2381008.jpg,121,649,72,tv,27,246,77,319,0.85123765
1622212109.2381008.jpg,121,650,1,person,194,202,301,274,0.81549954
1622212109.2381008.jpg,121,651,1,person,165,513,259,546,0.7659023
1622212109.2381008.jpg,121,652,1,person,145,564,274,629,0.7629794
1622212109.2381008.jpg,121,653,72,tv,21,354,70,427,0.7601193
1622212109.2381008.jpg,121,654,1,person,202,268,264,299,0.563614
1622212109.2381008.jpg,121,655,62,chair,217,187,303,250,0.5236569
1622212109.2381008.jpg,121,656,44,bottle,283,468,328,480,0.43784502
1622212109.2381008.jpg,121,657,62,chair,212,368,397,497,0.415915
1622212109.2381008.jpg,121,658,1,person,158,0,319,34,0.3818118
1622212109.2381008.jpg,121,659,72,tv,165,265,203,286,0.35236543
1622212109.2381008.jpg,121,660,62,chair,219,246,269,288,0.30150953
1622212202.1668704.jpg,122,661,1,person,22,123,394,217,0.7944435
1622212202.1668704.jpg,122,662,2,bicycle,233,0,293,24,0.3955491
1622212217.721871.jpg,123,663,1,person,81,239,338,316,0.9136143
1622212217.721871.jpg,123,664,1,person,23,0,445,124,0.8250066
1622212217.721871.jpg,123,665,62,chair,251,532,391,640,0.47711888
1622212213.249984.jpg,124,666,1,person,122,439,410,639,0.92396677
1622212213.249984.jpg,124,667,1,person,85,181,386,280,0.9165108
1622212213.249984.jpg,124,668,1,person,65,1,412,132,0.89384377
1622212213.249984.jpg,124,669,1,person,178,385,313,453,0.7114371
1622212213.249984.jpg,124,670,1,person,154,539,238,572,0.5920916
1622212213.249984.jpg,124,671,62,chair,240,441,389,575,0.46856058
1622212187.0067883.jpg,125,672,1,person,83,335,374,488,0.93507016
1622212187.0067883.jpg,125,673,82,refrigerator,4,159,328,292,0.38996494
1622212187.0067883.jpg,125,674,44,bottle,170,478,197,489,0.38865012
1622212187.0067883.jpg,125,675,44,bottle,168,494,193,504,0.31677938
1622212187.0067883.jpg,125,676,82,refrigerator,64,0,337,82,0.30369842
1622212302.6003182.jpg,126,677,1,person,128,96,338,184,0.9266217
1622212302.6003182.jpg,126,678,1,person,81,355,343,438,0.91311437
1622212302.6003182.jpg,126,679,1,person,112,208,330,277,0.9114824
1622212302.6003182.jpg,126,680,75,remote,157,370,186,388,0.4755188
1622212302.6003182.jpg,126,681,72,tv,0,0,26,27,0.3785393
1622212199.2261217.jpg,127,682,1,person,42,363,355,439,0.6775704
1622212199.2261217.jpg,127,683,72,tv,197,202,227,239,0.44037926
1622212150.959666.jpg,128,684,1,person,0,0,478,231,0.9397531
1622212312.838711.jpg,129,685,1,person,60,509,367,610,0.9074168
1622212312.838711.jpg,129,686,1,person,140,147,310,231,0.8622085
1622212312.838711.jpg,129,687,1,person,88,212,439,363,0.82738256
1622212312.838711.jpg,129,688,62,chair,198,419,324,503,0.8216692
1622212312.838711.jpg,129,689,1,person,3,305,479,450,0.7045227
1622212312.838711.jpg,129,690,62,chair,292,260,374,368,0.4388695
1622212312.838711.jpg,129,691,31,handbag,190,175,228,205,0.39476746
1622212312.838711.jpg,129,692,33,suitcase,308,152,346,230,0.35034385
1622212312.838711.jpg,129,693,77,cell phone,78,295,99,323,0.32050645
1622212312.838711.jpg,129,694,62,chair,215,138,308,187,0.31249106
1622212312.838711.jpg,129,695,1,person,87,265,198,308,0.30566368
1622212122.7517815.jpg,130,696,1,person,162,142,357,280,0.9306876
1622212122.7517815.jpg,130,697,1,person,89,413,328,493,0.9254961
1622212122.7517815.jpg,130,698,1,person,98,489,422,626,0.83459806
1622212122.7517815.jpg,130,699,1,person,177,236,271,293,0.6843279
1622212122.7517815.jpg,130,700,62,chair,206,112,364,229,0.57151574
1622212122.7517815.jpg,130,701,72,tv,34,270,154,327,0.5022204
1622212122.7517815.jpg,130,702,72,tv,0,278,23,316,0.4571243
1622212122.7517815.jpg,130,703,73,laptop,216,218,267,266,0.40333393
1622212308.384232.jpg,131,704,1,person,87,355,347,450,0.93824804
1622212308.384232.jpg,131,705,1,person,58,498,348,601,0.89774483
1622212308.384232.jpg,131,706,1,person,176,214,322,281,0.88474834
1622212308.384232.jpg,131,707,1,person,0,0,478,244,0.84143126
1622212308.384232.jpg,131,708,1,person,266,19,407,70,0.60516995
1622212308.384232.jpg,131,709,1,person,235,0,316,32,0.40647542
1622212308.384232.jpg,131,710,62,chair,243,255,317,286,0.35064313
1622212309.1430092.jpg,132,711,1,person,45,534,350,639,0.943913
1622212309.1430092.jpg,132,712,1,person,109,35,417,187,0.8947921
1622212309.1430092.jpg,132,713,1,person,0,175,478,478,0.829087
1622212309.1430092.jpg,132,714,1,person,217,383,349,473,0.75059354
1622212309.1430092.jpg,132,715,1,person,46,0,371,79,0.5474271
1622212309.1430092.jpg,132,716,75,remote,141,36,170,53,0.4822189
1622212309.1430092.jpg,132,717,62,chair,207,77,397,214,0.43207547
1622212341.5496264.jpg,133,718,1,person,156,367,226,410,0.73539054
1622212341.5496264.jpg,133,719,1,person,0,1,476,207,0.66568244
1622212341.5496264.jpg,133,720,15,bench,221,106,401,481,0.30402574
1622212125.810051.jpg,134,721,1,person,141,373,370,564,0.9329692
1622212125.810051.jpg,134,722,62,chair,201,343,375,473,0.64174515
1622212125.810051.jpg,134,723,1,person,108,467,302,555,0.5010722
1622212125.810051.jpg,134,724,73,laptop,206,446,239,478,0.39537308
1622212207.361569.jpg,135,725,1,person,114,566,313,638,0.9469733
1622212207.361569.jpg,135,726,1,person,67,219,378,311,0.9137082
1622212207.361569.jpg,135,727,1,person,129,452,309,535,0.8947836
1622212207.361569.jpg,135,728,1,person,3,1,475,111,0.44830456
1622212207.361569.jpg,135,729,31,handbag,94,0,175,82,0.3888226
1622212326.5605736.jpg,136,730,1,person,79,304,357,434,0.944324
1622212326.5605736.jpg,136,731,72,tv,100,97,142,146,0.6780961
1622212326.5605736.jpg,136,732,1,person,180,626,216,639,0.5145898
1622212326.5605736.jpg,136,733,31,handbag,192,284,242,319,0.48433375
1622212326.5605736.jpg,136,734,33,suitcase,356,325,438,453,0.45451915
1622212326.5605736.jpg,136,735,15,bench,215,557,309,639,0.37082276
1622212326.5605736.jpg,136,736,62,chair,234,301,371,386,0.32361865
1622212312.0752993.jpg,137,737,1,person,15,343,431,474,0.8899408
1622212312.0752993.jpg,137,738,1,person,27,523,390,640,0.886833
1622212312.0752993.jpg,137,739,1,person,90,187,434,348,0.8777851
1622212312.0752993.jpg,137,740,1,person,141,121,307,194,0.8116878
1622212312.0752993.jpg,137,741,1,person,93,166,363,243,0.5159947
1622212312.0752993.jpg,137,742,31,handbag,191,148,229,178,0.43791187
1622212312.0752993.jpg,137,743,62,chair,185,238,412,374,0.42741686
1622212312.0752993.jpg,137,744,82,refrigerator,188,0,293,34,0.39846885
1622212312.0752993.jpg,137,745,33,suitcase,311,127,345,198,0.39808944
1622212312.0752993.jpg,137,746,62,chair,214,113,306,159,0.33403033
1622212338.3450756.jpg,138,747,62,chair,153,504,476,637,0.6672077
1622212338.3450756.jpg,138,748,1,person,162,364,225,403,0.45633295
1622212338.3450756.jpg,138,749,15,bench,224,105,387,440,0.4552704
1622212338.3450756.jpg,138,750,1,person,24,554,367,639,0.37285537
1622212317.5466104.jpg,139,751,1,person,8,460,476,640,0.9271406
1622212317.5466104.jpg,139,752,1,person,44,219,372,320,0.9163852
1622212317.5466104.jpg,139,753,1,person,35,281,407,424,0.80690706
1622212317.5466104.jpg,139,754,72,tv,120,182,154,220,0.6754937
1622212317.5466104.jpg,139,755,62,chair,316,524,419,589,0.50744295
1622212317.5466104.jpg,139,756,33,suitcase,309,355,358,445,0.4662807
1622212317.5466104.jpg,139,757,75,remote,73,276,94,295,0.43265572
1622212317.5466104.jpg,139,758,1,person,208,0,461,106,0.41928595
1622212317.5466104.jpg,139,759,46,wine glass,127,5,158,29,0.39629576
1622212317.5466104.jpg,139,760,75,remote,216,402,261,442,0.3840135
1622212317.5466104.jpg,139,761,1,person,192,396,312,446,0.30730182
1622212150.197827.jpg,140,762,1,person,0,44,476,366,0.9494387
1622212148.6849113.jpg,141,763,1,person,0,417,479,640,0.95157796
1622212148.6849113.jpg,141,764,1,person,142,441,290,476,0.45192528
1622212128.8004503.jpg,142,765,1,person,118,405,407,634,0.89837193
1622212128.8004503.jpg,142,766,1,person,108,258,331,325,0.82145816
1622212128.8004503.jpg,142,767,1,person,150,495,240,570,0.6596417
1622212128.8004503.jpg,142,768,62,chair,186,378,408,543,0.6095245
1622212128.8004503.jpg,142,769,1,person,0,0,474,150,0.602919
1622212128.8004503.jpg,142,770,62,chair,198,482,236,539,0.35759977
1622212169.533166.jpg,143,771,15,bench,219,120,454,640,0.7583784
1622212169.533166.jpg,143,772,73,laptop,127,597,163,638,0.5642638
1622212170.2552574.jpg,144,773,1,person,45,495,413,640,0.8319276
1622212170.2552574.jpg,144,774,15,bench,225,69,461,613,0.47777122
1622212198.4090216.jpg,145,775,1,person,41,458,352,548,0.86440045
1622212198.4090216.jpg,145,776,82,refrigerator,4,6,319,253,0.3333505
1622212339.395057.jpg,146,777,62,chair,155,513,475,637,0.56385905
1622212339.395057.jpg,146,778,1,person,165,354,251,395,0.4966449
1622212339.395057.jpg,146,779,15,bench,226,85,388,433,0.33410025
1622212188.5506742.jpg,147,780,1,person,100,589,256,640,0.6994705
1622212188.5506742.jpg,147,781,82,refrigerator,0,112,331,255,0.5857564
1622212188.5506742.jpg,147,782,44,bottle,167,448,192,459,0.3889387
1622212188.5506742.jpg,147,783,44,bottle,166,462,191,475,0.33458734
1622212201.4305828.jpg,148,784,1,person,32,160,383,249,0.8143394
1622212201.4305828.jpg,148,785,72,tv,203,13,236,59,0.53919685
1622212201.4305828.jpg,148,786,2,bicycle,237,0,294,54,0.46923345
1622212128.064623.jpg,149,787,1,person,120,447,401,640,0.9221296
1622212128.064623.jpg,149,788,1,person,0,275,477,508,0.7865536
1622212128.064623.jpg,149,789,1,person,150,528,239,605,0.71782005
1622212128.064623.jpg,149,790,62,chair,205,418,400,569,0.58964676
1622212128.064623.jpg,149,791,62,chair,198,514,237,570,0.35330927
1622212128.064623.jpg,149,792,1,person,250,388,317,421,0.33662376
1622212175.3553154.jpg,150,793,1,person,87,228,361,308,0.85140646
1622212175.3553154.jpg,150,794,1,person,0,0,479,170,0.78746146
1622212175.3553154.jpg,150,795,84,book,150,198,190,258,0.5933823
1622212175.3553154.jpg,150,796,44,bottle,182,382,200,391,0.30819756
1622212325.0551388.jpg,151,797,1,person,86,374,346,498,0.9391165
1622212325.0551388.jpg,151,798,72,tv,104,177,143,220,0.74890774
1622212325.0551388.jpg,151,799,1,person,0,448,471,639,0.7131543
1622212325.0551388.jpg,151,800,31,handbag,193,357,237,388,0.48264623
1622212325.0551388.jpg,151,801,77,cell phone,148,433,155,452,0.4034118
1622212325.0551388.jpg,151,802,33,suitcase,342,398,414,515,0.35341507
1622212325.0551388.jpg,151,803,62,chair,206,365,357,444,0.33914512
1622212139.8846643.jpg,152,804,1,person,0,270,475,451,0.96719265
1622212351.6211612.jpg,153,805,1,person,0,441,406,559,0.911306
1622212351.6211612.jpg,153,806,67,dining table,220,0,464,146,0.4138484
1622212351.6211612.jpg,153,807,2,bicycle,227,275,273,311,0.39942807
1622212351.6211612.jpg,153,808,72,tv,73,597,108,636,0.33590215
1622212351.6211612.jpg,153,809,84,book,151,0,207,59,0.33517328
1622212205.1127276.jpg,154,810,1,person,21,454,412,561,0.85949564
1622212212.5124283.jpg,155,811,1,person,81,220,374,329,0.9358648
1622212212.5124283.jpg,155,812,1,person,134,446,380,619,0.9292691
1622212212.5124283.jpg,155,813,1,person,86,80,380,176,0.8455559
1622212212.5124283.jpg,155,814,1,person,166,408,306,462,0.7149521
1622212212.5124283.jpg,155,815,1,person,156,556,256,589,0.65135866
1622212212.5124283.jpg,155,816,62,chair,249,459,360,565,0.44444048
1622212212.5124283.jpg,155,817,31,handbag,134,77,193,118,0.34318578
1622212212.5124283.jpg,155,818,73,laptop,172,126,207,216,0.32461968
1622212192.392016.jpg,156,819,44,bottle,166,310,193,320,0.307508
1622212336.9212027.jpg,157,820,1,person,85,460,470,640,0.85523444
1622212336.9212027.jpg,157,821,15,bench,230,92,380,394,0.46877995
1622212336.9212027.jpg,157,822,1,person,168,334,325,374,0.40624893
1622212177.6447046.jpg,158,823,1,person,89,297,347,414,0.8899139
1622212177.6447046.jpg,158,824,73,laptop,151,374,187,437,0.63170457
1622212177.6447046.jpg,158,825,1,person,6,0,470,117,0.59444654
1622212177.6447046.jpg,158,826,62,chair,98,33,322,124,0.33670262
1622212220.6127386.jpg,159,827,1,person,0,0,445,171,0.9633211
1622212220.6127386.jpg,159,828,47,cup,113,55,168,90,0.31704155
1622212316.039965.jpg,160,829,1,person,39,365,479,570,0.90915406
1622212316.039965.jpg,160,830,1,person,39,0,387,98,0.89141583
1622212316.039965.jpg,160,831,1,person,79,545,341,639,0.891382
1622212316.039965.jpg,160,832,1,person,125,277,314,367,0.8757673
1622212316.039965.jpg,160,833,72,tv,121,118,156,158,0.72057676
1622212316.039965.jpg,160,834,1,person,71,337,366,435,0.68826014
1622212316.039965.jpg,160,835,33,suitcase,311,288,349,363,0.4845223
1622212316.039965.jpg,160,836,62,chair,221,507,467,618,0.4235831
1622212316.039965.jpg,160,837,62,chair,192,612,264,639,0.40083596
1622212316.039965.jpg,160,838,62,chair,209,271,316,321,0.3991412
1622212325.830824.jpg,161,839,1,person,83,335,352,462,0.93728644
1622212325.830824.jpg,161,840,72,tv,101,132,142,178,0.77682394
1622212325.830824.jpg,161,841,62,chair,213,584,307,639,0.41104218
1622212325.830824.jpg,161,842,62,chair,206,323,364,411,0.37956184
1622212325.830824.jpg,161,843,31,handbag,193,316,238,349,0.3761313
1622212325.830824.jpg,161,844,82,refrigerator,0,0,335,101,0.35653234
1622212325.830824.jpg,161,845,33,suitcase,350,357,426,480,0.33767214
1622212147.2413077.jpg,163,846,1,person,0,418,479,640,0.95222783
1622212147.2413077.jpg,163,847,1,person,137,442,291,478,0.43401533
1622212179.2159417.jpg,164,848,1,person,49,539,206,633,0.73304904
1622212179.2159417.jpg,164,849,78,microwave,199,408,225,462,0.36039618
1622212179.2159417.jpg,164,850,44,bottle,159,504,188,515,0.3036351
1622212209.5569746.jpg,167,851,1,person,121,191,334,267,0.9337988
1622212209.5569746.jpg,167,852,1,person,19,449,378,578,0.92577475
1622212209.5569746.jpg,167,853,1,person,173,346,333,449,0.84736526
1622212209.5569746.jpg,167,854,1,person,123,80,340,152,0.83638453
1622212209.5569746.jpg,167,855,1,person,184,330,291,364,0.66030145
1622212174.5979166.jpg,168,856,1,person,0,155,476,568,0.88244855
1622212174.5979166.jpg,168,857,1,person,197,216,363,290,0.75687724
1622212174.5979166.jpg,168,858,1,person,69,0,357,76,0.41501236
1622212296.107826.jpg,169,859,1,person,142,161,313,228,0.9034803
1622212296.107826.jpg,169,860,1,person,106,347,315,418,0.87786865
1622212296.107826.jpg,169,861,1,person,129,247,307,297,0.84234
1622212296.107826.jpg,169,862,1,person,155,0,408,115,0.7218971
1622212296.107826.jpg,169,863,1,person,197,52,268,94,0.6725791
1622212296.107826.jpg,169,864,72,tv,0,0,51,83,0.6426712
1622212296.107826.jpg,169,865,62,chair,334,0,477,89,0.55427784
1622212296.107826.jpg,169,866,1,person,157,0,254,39,0.4170847
1622212296.107826.jpg,169,867,72,tv,196,119,219,152,0.32194966
1622212164.3708966.jpg,170,868,1,person,79,37,370,155,0.8804988
1622212164.3708966.jpg,170,869,15,bench,220,100,404,494,0.5704499
1622212164.3708966.jpg,170,870,31,handbag,161,46,243,110,0.39300716
1622212130.2795856.jpg,171,871,1,person,103,83,343,195,0.94430375
1622212130.2795856.jpg,171,872,1,person,111,365,426,635,0.92948014
1622212130.2795856.jpg,171,873,1,person,151,461,239,537,0.7046399
1622212130.2795856.jpg,171,874,62,chair,181,338,428,516,0.61434716
1622212130.2795856.jpg,171,875,73,laptop,199,448,239,506,0.47534382
1622212314.5211148.jpg,172,876,1,person,67,289,460,466,0.9088129
1622212314.5211148.jpg,172,877,1,person,0,0,475,265,0.9061488
1622212314.5211148.jpg,172,878,1,person,135,226,310,302,0.8397108
1622212314.5211148.jpg,172,879,1,person,30,467,427,586,0.8217963
1622212314.5211148.jpg,172,880,33,suitcase,307,222,348,300,0.5198017
1622212314.5211148.jpg,172,881,73,laptop,144,547,188,638,0.47723588
1622212314.5211148.jpg,172,882,62,chair,209,500,334,594,0.44394147
1622212314.5211148.jpg,172,883,62,chair,180,335,436,501,0.4177587
1622212314.5211148.jpg,172,884,31,handbag,198,243,227,270,0.33580628
1622212314.5211148.jpg,172,885,1,person,132,205,312,280,0.32036385
1622212304.772667.jpg,173,886,1,person,58,450,357,550,0.93238425
1622212304.772667.jpg,173,887,1,person,115,166,342,263,0.9260212
1622212304.772667.jpg,173,888,1,person,102,2,344,94,0.91076505
1622212304.772667.jpg,173,889,1,person,98,282,336,354,0.87018234
1622212304.772667.jpg,173,890,75,remote,130,465,168,488,0.47629297
1622212304.772667.jpg,173,891,85,clock,128,599,149,618,0.46590337
1622212304.772667.jpg,173,892,72,tv,0,1,25,99,0.41822118
1622212304.772667.jpg,173,893,62,chair,218,7,326,100,0.3529106
1622212145.0583239.jpg,174,894,1,person,0,342,476,629,0.9623494
1622212205.8619962.jpg,175,895,1,person,2,428,434,547,0.81880784
1622212199.9581385.jpg,176,896,1,person,44,252,366,328,0.63911015
1622212199.9581385.jpg,176,897,72,tv,201,98,231,139,0.60437095
1622212291.1130905.jpg,177,898,1,person,103,570,296,638,0.9058417
1622212291.1130905.jpg,177,899,1,person,128,462,290,518,0.8824031
1622212291.1130905.jpg,177,900,1,person,175,0,350,89,0.8673694
1622212291.1130905.jpg,177,901,1,person,145,381,294,428,0.82390296
1622212291.1130905.jpg,177,902,72,tv,18,113,70,193,0.8110312
1622212291.1130905.jpg,177,903,1,person,83,235,337,388,0.80970985
1622212291.1130905.jpg,177,904,72,tv,20,230,68,304,0.7382831
1622212291.1130905.jpg,177,905,1,person,86,215,229,282,0.70212245
1622212291.1130905.jpg,177,906,62,chair,215,237,446,395,0.62065876
1622212291.1130905.jpg,177,907,1,person,160,114,283,159,0.618014
1622212291.1130905.jpg,177,908,1,person,173,30,294,83,0.526431
1622212291.1130905.jpg,177,909,1,person,151,327,291,387,0.44820637
1622212291.1130905.jpg,177,910,62,chair,230,205,311,241,0.43269372
1622212291.1130905.jpg,177,911,62,chair,264,0,345,53,0.36263874
1622212168.8113887.jpg,178,912,15,bench,216,133,437,617,0.7826082
1622212290.383612.jpg,179,913,1,person,106,215,328,307,0.93382764
1622212290.383612.jpg,179,914,1,person,127,508,290,563,0.88075244
1622212290.383612.jpg,179,915,1,person,180,36,343,145,0.85370237
1622212290.383612.jpg,179,916,72,tv,24,162,73,238,0.8387053
1622212290.383612.jpg,179,917,1,person,92,288,335,442,0.81574166
1622212290.383612.jpg,179,918,1,person,145,424,294,471,0.7981133
1622212290.383612.jpg,179,919,1,person,171,111,286,156,0.76403517
1622212290.383612.jpg,179,920,72,tv,22,275,70,348,0.7592758
1622212290.383612.jpg,179,921,1,person,181,156,279,207,0.6502526
1622212290.383612.jpg,179,922,62,chair,211,288,434,441,0.61229265
1622212290.383612.jpg,179,923,62,chair,219,7,339,80,0.60661715
1622212290.383612.jpg,179,924,27,backpack,162,172,207,195,0.43034098
1622212290.383612.jpg,179,925,1,person,110,602,294,639,0.34424543
1622212149.407192.jpg,180,926,1,person,0,241,477,539,0.9552543
1622212145.7929013.jpg,181,927,1,person,0,419,479,640,0.9519002
1622212145.7929013.jpg,181,928,1,person,147,444,292,480,0.5145649
1622212116.65278.jpg,182,929,1,person,133,503,352,612,0.88641554
1622212116.65278.jpg,182,930,1,person,179,279,315,368,0.8702765
1622212116.65278.jpg,182,931,72,tv,0,329,54,414,0.77877355
1622212116.65278.jpg,182,932,1,person,116,488,303,549,0.702832
1622212116.65278.jpg,182,933,1,person,182,346,274,394,0.700258
1622212116.65278.jpg,182,934,72,tv,0,455,41,548,0.63952136
1622212116.65278.jpg,182,935,62,chair,213,262,321,341,0.52211183
1622212116.65278.jpg,182,936,1,person,117,146,169,166,0.3475267
1622212116.65278.jpg,182,937,62,chair,227,434,272,453,0.3421424
1622212313.7645211.jpg,183,938,1,person,0,191,479,450,0.92690974
1622212313.7645211.jpg,183,939,1,person,81,494,358,598,0.90642834
1622212313.7645211.jpg,183,940,1,person,139,189,308,251,0.80603135
1622212313.7645211.jpg,183,941,1,person,68,389,387,516,0.7893358
1622212313.7645211.jpg,183,942,72,tv,124,25,160,67,0.6333232
1622212313.7645211.jpg,183,943,62,chair,212,467,314,547,0.5532918
1622212313.7645211.jpg,183,944,1,person,117,382,231,432,0.47536612
1622212313.7645211.jpg,183,945,62,chair,273,313,404,464,0.45146304
1622212313.7645211.jpg,183,946,33,suitcase,310,195,348,253,0.42523968
1622212313.7645211.jpg,183,947,31,handbag,214,178,243,201,0.38522822
1622212313.7645211.jpg,183,948,77,cell phone,41,185,78,255,0.34176213
1622212313.7645211.jpg,183,949,31,handbag,183,216,224,250,0.3302431
1622212324.299162.jpg,184,950,1,person,0,330,479,640,0.90186286
1622212324.299162.jpg,184,951,72,tv,105,184,143,227,0.7851968
1622212324.299162.jpg,184,952,62,chair,186,366,357,455,0.51795024
1622212324.299162.jpg,184,953,82,refrigerator,175,225,290,270,0.3805818
1622212210.2859938.jpg,185,954,1,person,166,411,339,528,0.87160707
1622212210.2859938.jpg,185,955,1,person,115,249,340,322,0.8688156
1622212210.2859938.jpg,185,956,1,person,121,136,342,204,0.85020417
1622212210.2859938.jpg,185,957,1,person,0,535,399,639,0.7922092
1622212210.2859938.jpg,185,958,1,person,177,389,292,425,0.6693875
1622212210.2859938.jpg,185,959,1,person,167,522,260,547,0.46845227
1622212210.2859938.jpg,185,960,62,chair,252,418,327,496,0.42284474
1622212176.8718822.jpg,186,961,1,person,90,310,353,390,0.8708904
1622212176.8718822.jpg,186,962,1,person,0,0,476,164,0.83927464
1622212176.8718822.jpg,186,963,84,book,103,0,145,28,0.36466426
1622212355.3548238.jpg,187,964,1,person,0,223,480,377,0.8989438
1622212301.8632767.jpg,188,965,1,person,79,358,342,441,0.9115229
1622212301.8632767.jpg,188,966,1,person,115,212,329,280,0.9048315
1622212301.8632767.jpg,188,967,1,person,130,103,337,189,0.90342987
1622212301.8632767.jpg,188,968,72,tv,0,0,32,31,0.36542928
1622212301.8632767.jpg,188,969,1,person,96,0,373,51,0.35443285
1622212319.7608016.jpg,189,970,1,person,112,374,323,477,0.89533085
1622212319.7608016.jpg,189,971,1,person,33,152,404,292,0.89299065
1622212319.7608016.jpg,189,972,1,person,0,490,481,636,0.8291656
1622212319.7608016.jpg,189,973,1,person,0,0,482,225,0.7611134
1622212319.7608016.jpg,189,974,33,suitcase,318,390,368,481,0.46439
1622212319.7608016.jpg,189,975,31,handbag,199,361,235,387,0.3618969
1622212319.7608016.jpg,189,976,62,chair,209,366,335,444,0.30260104
1622212318.3061428.jpg,190,977,1,person,47,36,401,199,0.8800761
1622212318.3061428.jpg,190,978,1,person,5,268,441,416,0.8461369
1622212318.3061428.jpg,190,979,1,person,117,394,319,476,0.7662419
1622212318.3061428.jpg,190,980,1,person,6,516,480,639,0.664042
1622212318.3061428.jpg,190,981,72,tv,119,210,152,248,0.58054364
1622212318.3061428.jpg,190,982,62,chair,324,0,462,56,0.48408735
1622212318.3061428.jpg,190,983,1,person,214,0,474,142,0.4205272
1622212318.3061428.jpg,190,984,62,chair,310,582,430,639,0.41802564
1622212318.3061428.jpg,190,985,33,suitcase,314,399,360,482,0.36173037
1622212318.3061428.jpg,190,986,1,person,37,371,142,423,0.3567647
1622212318.3061428.jpg,190,987,62,chair,233,390,308,422,0.32215947
1622212353.8913229.jpg,191,988,1,person,0,267,446,401,0.90391076
1622212353.8913229.jpg,191,989,62,chair,227,113,283,137,0.4043528
1622212181.52975.jpg,192,990,44,bottle,169,460,192,469,0.36164433
1622212181.52975.jpg,192,991,44,bottle,170,472,192,483,0.3299975
1622212181.52975.jpg,192,992,82,refrigerator,9,177,306,294,0.3124037
1622212134.0286188.jpg,193,993,1,person,64,2,467,366,0.9368702
1622212134.0286188.jpg,193,994,1,person,0,535,409,640,0.78616786
1622212134.0286188.jpg,193,995,1,person,153,179,267,263,0.7611393
1622212134.0286188.jpg,193,996,62,chair,245,0,476,209,0.6109467
1622212134.0286188.jpg,193,997,77,cell phone,238,155,259,186,0.4932856
1622212134.0286188.jpg,193,998,73,laptop,205,159,265,235,0.4714604
1622212134.0286188.jpg,193,999,77,cell phone,71,552,86,579,0.36323026
1622212146.5173655.jpg,194,1000,1,person,0,424,480,640,0.9551884
1622212146.5173655.jpg,194,1001,1,person,147,448,292,485,0.5575081
1622212208.0972502.jpg,195,1002,1,person,125,393,315,457,0.90378594
1622212208.0972502.jpg,195,1003,1,person,50,6,411,129,0.8989068
1622212208.0972502.jpg,195,1004,1,person,133,290,317,368,0.8892979
1622212208.0972502.jpg,195,1005,1,person,165,536,319,639,0.8345753
1622212208.0972502.jpg,195,1006,1,person,174,520,281,559,0.5819594
1622212208.0972502.jpg,195,1007,73,laptop,183,337,204,372,0.30946034
1622212173.8684103.jpg,196,1008,1,person,91,247,359,339,0.8549293
1622212173.8684103.jpg,196,1009,84,book,160,234,198,295,0.6509631
1622212173.8684103.jpg,196,1010,15,bench,223,304,476,640,0.44737348
1622212173.8684103.jpg,196,1011,62,chair,375,0,479,73,0.4249442
1622212108.4435108.jpg,197,1012,1,person,95,366,401,545,0.88249886
1622212108.4435108.jpg,197,1013,72,tv,28,246,77,319,0.8484796
1622212108.4435108.jpg,197,1014,1,person,193,202,301,276,0.82795584
1622212108.4435108.jpg,197,1015,1,person,146,564,274,627,0.7783818
1622212108.4435108.jpg,197,1016,72,tv,20,354,70,427,0.7756449
1622212108.4435108.jpg,197,1017,1,person,166,513,260,545,0.72679716
1622212108.4435108.jpg,197,1018,1,person,203,269,265,299,0.5585162
1622212108.4435108.jpg,197,1019,62,chair,217,187,303,249,0.5349953
1622212108.4435108.jpg,197,1020,72,tv,165,265,203,285,0.5273161
1622212108.4435108.jpg,197,1021,44,bottle,283,467,327,480,0.4361729
1622212108.4435108.jpg,197,1022,62,chair,214,367,395,434,0.39343584
1622212108.4435108.jpg,197,1023,1,person,157,0,318,36,0.3576411
1622212168.0812752.jpg,199,1024,1,person,1,368,477,552,0.8100583
1622212168.0812752.jpg,199,1025,15,bench,227,128,425,599,0.50600076
1622212330.3084311.jpg,200,1026,1,person,41,291,396,466,0.9034279
1622212330.3084311.jpg,200,1027,72,tv,88,68,136,121,0.70691127
1622212330.3084311.jpg,200,1028,62,chair,242,290,424,398,0.41134164
1622212330.3084311.jpg,200,1029,31,handbag,183,274,249,315,0.3826957
1622212147.9640183.jpg,201,1030,1,person,0,419,479,640,0.95108294
1622212147.9640183.jpg,201,1031,1,person,144,445,291,479,0.4285538
1622212147.9640183.jpg,201,1032,62,chair,236,114,351,186,0.31883508
1622212293.2793117.jpg,202,1033,1,person,109,389,305,459,0.9531454
1622212293.2793117.jpg,202,1034,1,person,133,302,297,356,0.9016198
1622212293.2793117.jpg,202,1035,1,person,149,220,304,265,0.8822579
1622212293.2793117.jpg,202,1036,1,person,58,0,363,205,0.8460581
1622212293.2793117.jpg,202,1037,72,tv,5,57,62,144,0.70860535
1622212293.2793117.jpg,202,1038,1,person,196,129,244,157,0.66839457
1622212293.2793117.jpg,202,1039,62,chair,205,0,477,201,0.56242514
1622212293.2793117.jpg,202,1040,1,person,3,0,185,56,0.3280461
1622212293.2793117.jpg,202,1041,46,wine glass,156,429,181,442,0.32764894
1622212162.1122017.jpg,203,1042,1,person,79,567,318,639,0.8764279
1622212162.1122017.jpg,203,1043,15,bench,226,7,402,369,0.76472974
1622212197.6643903.jpg,204,1044,1,person,31,546,346,629,0.80124
1622212306.9412374.jpg,205,1045,1,person,85,348,343,433,0.93527305
1622212306.9412374.jpg,205,1046,1,person,87,27,356,122,0.91530883
1622212306.9412374.jpg,205,1047,1,person,107,220,349,317,0.9087026
1622212306.9412374.jpg,205,1048,1,person,14,554,362,640,0.7478355
1622212306.9412374.jpg,205,1049,44,bottle,105,598,153,616,0.6296937
1622212306.9412374.jpg,205,1050,62,chair,239,76,323,156,0.53622645
1622212306.9412374.jpg,205,1051,62,chair,208,0,383,60,0.41715088
1622212306.9412374.jpg,205,1052,1,person,188,98,285,148,0.35723937
1622212306.9412374.jpg,205,1053,1,person,154,0,275,28,0.33445707
1622212306.9412374.jpg,205,1054,46,wine glass,69,579,103,598,0.3251798
1622212306.9412374.jpg,205,1055,31,handbag,162,298,198,330,0.3018782
1622212353.1404114.jpg,206,1056,1,person,0,295,427,421,0.87627524
1622212353.1404114.jpg,206,1057,62,chair,226,138,281,166,0.43336827
1622212137.6876726.jpg,207,1058,1,person,0,405,447,581,0.96542597
1622212137.6876726.jpg,207,1059,1,person,145,5,324,109,0.7729856
1622212137.6876726.jpg,207,1060,62,chair,207,0,399,91,0.48209423
1622212137.6876726.jpg,207,1061,62,chair,226,326,309,370,0.3305311
1622212137.6876726.jpg,207,1062,1,person,340,0,475,86,0.3282111
1622212350.137631.jpg,208,1063,1,person,8,517,392,640,0.8887208
1622212350.137631.jpg,208,1064,62,chair,220,404,270,434,0.38867366
1622212350.137631.jpg,208,1065,72,tv,157,111,210,202,0.34638554
1622212141.3649375.jpg,209,1066,1,person,0,340,478,546,0.95731795
1622212141.3649375.jpg,209,1067,1,person,235,43,258,55,0.39149138
1622212112.9183204.jpg,210,1068,1,person,76,421,447,640,0.91008717
1622212112.9183204.jpg,210,1069,72,tv,21,293,73,366,0.84428346
1622212112.9183204.jpg,210,1070,1,person,188,253,297,332,0.80642855
1622212112.9183204.jpg,210,1071,1,person,219,0,323,65,0.7929831
1622212112.9183204.jpg,210,1072,72,tv,12,401,64,478,0.7557589
1622212112.9183204.jpg,210,1073,1,person,160,568,257,605,0.7130336
1622212112.9183204.jpg,210,1074,62,chair,210,424,412,525,0.62283665
1622212112.9183204.jpg,210,1075,62,chair,214,237,301,300,0.5733371
1622212112.9183204.jpg,210,1076,1,person,201,309,268,349,0.49383596
1622212112.9183204.jpg,210,1077,44,bottle,252,546,302,567,0.3510356
1622212319.050052.jpg,211,1078,1,person,0,200,478,383,0.9389007
1622212319.050052.jpg,211,1079,1,person,28,427,385,561,0.8910874
1622212319.050052.jpg,211,1080,1,person,36,98,396,226,0.8874577
1622212319.050052.jpg,211,1081,1,person,117,394,316,493,0.6375264
1622212319.050052.jpg,211,1082,1,person,192,0,477,172,0.5600381
1622212319.050052.jpg,211,1083,62,chair,209,384,332,449,0.3954559
1622212319.050052.jpg,211,1084,1,person,0,547,487,640,0.33984047
1622212319.050052.jpg,211,1085,62,chair,330,0,472,54,0.334664
1622212337.6365368.jpg,213,1086,62,chair,158,501,476,636,0.7630494
1622212337.6365368.jpg,213,1087,15,bench,223,138,372,451,0.52522993
1622212337.6365368.jpg,213,1088,1,person,165,378,280,416,0.49440798
1622212337.6365368.jpg,213,1089,1,person,42,546,352,639,0.46604002
1622212131.7707314.jpg,214,1090,1,person,101,208,461,495,0.9580757
1622212131.7707314.jpg,214,1091,1,person,156,320,248,392,0.7839102
1622212131.7707314.jpg,214,1092,62,chair,186,163,469,364,0.6436112
1622212131.7707314.jpg,214,1093,62,chair,218,577,295,625,0.37612906
1622212131.7707314.jpg,214,1094,62,chair,205,304,249,361,0.35480422
1622212190.1020663.jpg,215,1095,82,refrigerator,1,0,344,157,0.41143888
1622212190.1020663.jpg,215,1096,44,bottle,171,366,196,377,0.37155318
1622212190.1020663.jpg,215,1097,44,bottle,169,381,195,392,0.34247404
1622212306.2185004.jpg,216,1098,1,person,109,146,349,241,0.93156135
1622212306.2185004.jpg,216,1099,1,person,91,267,341,348,0.9299094
1622212306.2185004.jpg,216,1100,1,person,44,452,363,558,0.9287146
1622212306.2185004.jpg,216,1101,1,person,82,0,357,66,0.5431052
1622212306.2185004.jpg,216,1102,1,person,188,33,289,74,0.4662374
1622212306.2185004.jpg,216,1103,62,chair,245,0,327,81,0.39886445
1622212306.2185004.jpg,216,1104,44,bottle,125,471,166,486,0.33961052
1622212121.9886801.jpg,217,1105,1,person,165,203,349,340,0.90638363
1622212121.9886801.jpg,217,1106,1,person,87,468,327,545,0.8611608
1622212121.9886801.jpg,217,1107,1,person,93,536,417,640,0.85599625
1622212121.9886801.jpg,217,1108,1,person,177,286,276,334,0.64094657
1622212121.9886801.jpg,217,1109,62,chair,211,173,355,280,0.6171527
1622212121.9886801.jpg,217,1110,1,person,125,530,287,575,0.5469664
1622212121.9886801.jpg,217,1111,1,person,98,41,161,73,0.32326895
1622212121.9886801.jpg,217,1112,72,tv,0,270,28,321,0.30143496
1622212349.4089692.jpg,218,1113,1,person,39,482,377,604,0.9147261
1622212216.974716.jpg,219,1114,1,person,89,238,338,337,0.938748
1622212216.974716.jpg,219,1115,1,person,53,8,418,138,0.90299326
1622212216.974716.jpg,219,1116,62,chair,205,453,362,560,0.8343847
1622212216.974716.jpg,219,1117,1,person,130,590,282,637,0.8009491
1622212158.380605.jpg,220,1118,1,person,121,12,331,77,0.90652037
1622212191.6358435.jpg,221,1119,44,bottle,169,343,196,353,0.30919504
1622212133.2810855.jpg,222,1120,1,person,80,94,473,428,0.92568135
1622212133.2810855.jpg,222,1121,1,person,154,243,254,319,0.7141687
1622212133.2810855.jpg,222,1122,62,chair,170,34,476,281,0.6182295
1622212133.2810855.jpg,222,1123,73,laptop,205,224,255,285,0.5148494
1622212133.2810855.jpg,222,1124,62,chair,219,508,295,549,0.32646084
1622212159.1280966.jpg,223,1125,1,person,120,129,324,188,0.8968096
1622212296.8092816.jpg,224,1126,1,person,142,153,315,219,0.93351936
1622212296.8092816.jpg,224,1127,1,person,124,239,310,298,0.9011712
1622212296.8092816.jpg,224,1128,1,person,99,353,317,418,0.84152097
1622212296.8092816.jpg,224,1129,1,person,196,38,273,82,0.7297074
1622212296.8092816.jpg,224,1130,72,tv,0,0,48,73,0.654746
1622212296.8092816.jpg,224,1131,1,person,211,0,423,93,0.5652202
1622212296.8092816.jpg,224,1132,1,person,180,0,254,23,0.5277918
1622212296.8092816.jpg,224,1133,62,chair,360,0,478,61,0.49869177
1622212296.8092816.jpg,224,1134,62,chair,248,65,303,88,0.48268104
1622212196.9136057.jpg,225,1135,7,train,133,75,200,237,0.40872324
1622212111.4587815.jpg,226,1136,1,person,94,360,399,543,0.86772287
1622212111.4587815.jpg,226,1137,72,tv,27,247,77,320,0.85757583
1622212111.4587815.jpg,226,1138,1,person,146,567,274,632,0.81296974
1622212111.4587815.jpg,226,1139,1,person,165,513,260,548,0.7845596
1622212111.4587815.jpg,226,1140,1,person,192,205,299,283,0.7821038
1622212111.4587815.jpg,226,1141,72,tv,20,355,70,428,0.7806929
1622212111.4587815.jpg,226,1142,1,person,202,269,265,300,0.6290071
1622212111.4587815.jpg,226,1143,62,chair,217,189,302,250,0.5702833
1622212111.4587815.jpg,226,1144,72,tv,164,266,204,286,0.5302295
1622212111.4587815.jpg,226,1145,62,chair,215,366,400,498,0.43567452
1622212111.4587815.jpg,226,1146,44,bottle,282,468,326,481,0.4220563
1622212111.4587815.jpg,226,1147,31,handbag,172,581,205,607,0.40466067
1622212111.4587815.jpg,226,1148,62,chair,219,247,268,289,0.360819
1622212328.0492284.jpg,227,1149,1,person,81,337,367,470,0.92061174
1622212328.0492284.jpg,227,1150,72,tv,97,113,140,162,0.8021095
1622212328.0492284.jpg,227,1151,31,handbag,188,307,243,343,0.3873378
1622212328.0492284.jpg,227,1152,67,dining table,211,592,318,639,0.3330652
1622212347.9314306.jpg,228,1153,1,person,81,412,352,484,0.7495245
1622212347.9314306.jpg,228,1154,15,bench,242,0,473,444,0.4998528
1622212347.9314306.jpg,228,1155,82,refrigerator,0,551,342,640,0.4318288
1622212109.9949608.jpg,229,1156,1,person,95,366,403,545,0.87636197
1622212109.9949608.jpg,229,1157,72,tv,27,246,77,319,0.8618506
1622212109.9949608.jpg,229,1158,1,person,191,204,299,285,0.82415676
1622212109.9949608.jpg,229,1159,1,person,147,564,274,628,0.75621235
1622212109.9949608.jpg,229,1160,72,tv,20,354,70,427,0.7519858
1622212109.9949608.jpg,229,1161,1,person,166,513,260,545,0.73819786
1622212109.9949608.jpg,229,1162,1,person,202,268,264,299,0.6014614
1622212109.9949608.jpg,229,1163,62,chair,218,188,303,250,0.5886863
1622212109.9949608.jpg,229,1164,72,tv,165,265,203,285,0.46220842
1622212109.9949608.jpg,229,1165,44,bottle,284,467,328,480,0.43108848
1622212109.9949608.jpg,229,1166,62,chair,217,368,392,431,0.41299284
1622212109.9949608.jpg,229,1167,1,person,156,0,319,36,0.3751652
1622212109.9949608.jpg,229,1168,31,handbag,171,573,207,600,0.34878346
1622212117.4124722.jpg,230,1169,1,person,118,544,368,639,0.8722869
1622212117.4124722.jpg,230,1170,1,person,176,293,318,392,0.86475533
1622212117.4124722.jpg,230,1171,1,person,106,516,309,582,0.7712522
1622212117.4124722.jpg,230,1172,72,tv,0,343,46,433,0.7233839
1622212117.4124722.jpg,230,1173,1,person,179,361,270,411,0.6420732
1622212117.4124722.jpg,230,1174,72,tv,0,476,32,572,0.5478107
1622212117.4124722.jpg,230,1175,62,chair,209,274,324,360,0.54104084
1622212131.0184224.jpg,231,1176,1,person,105,308,445,586,0.9321839
1622212131.0184224.jpg,231,1177,1,person,99,20,355,117,0.9056845
1622212131.0184224.jpg,231,1178,1,person,152,404,242,479,0.6965478
1622212131.0184224.jpg,231,1179,62,chair,180,272,445,459,0.6201306
1622212131.0184224.jpg,231,1180,27,backpack,141,44,216,97,0.5079137
1622212131.0184224.jpg,231,1181,62,chair,200,392,239,433,0.3333939
1622212291.840051.jpg,232,1182,1,person,109,484,297,562,0.9266174
1622212291.840051.jpg,232,1183,1,person,75,170,344,351,0.89804614
1622212291.840051.jpg,232,1184,1,person,131,409,292,462,0.89082086
1622212291.840051.jpg,232,1185,72,tv,11,51,66,136,0.8258562
1622212291.840051.jpg,232,1186,72,tv,18,176,67,253,0.77077687
1622212291.840051.jpg,232,1187,1,person,148,332,297,373,0.71136606
1622212291.840051.jpg,232,1188,62,chair,212,165,464,329,0.6869183
1622212291.840051.jpg,232,1189,1,person,196,44,286,100,0.6005961
1622212291.840051.jpg,232,1190,1,person,64,259,312,347,0.52603424
1622212291.840051.jpg,232,1191,72,tv,158,43,208,74,0.48336336
1622212291.840051.jpg,232,1192,62,chair,232,149,283,172,0.30132228
1622212322.0280669.jpg,235,1193,1,person,0,339,476,629,0.95798594
1622212322.0280669.jpg,235,1194,1,person,0,82,464,287,0.95328784
1622212186.2299817.jpg,236,1195,1,person,74,170,394,267,0.8592944
1622212186.2299817.jpg,236,1196,82,refrigerator,64,0,342,109,0.4354313
1622212186.2299817.jpg,236,1197,44,bottle,168,495,194,506,0.40478107
1622212186.2299817.jpg,236,1198,44,bottle,168,511,192,522,0.3831361
1622212186.2299817.jpg,236,1199,44,bottle,158,551,188,566,0.34004587
1622212126.546152.jpg,237,1200,1,person,129,429,382,634,0.9357617
1622212126.546152.jpg,237,1201,1,person,99,470,230,520,0.6304271
1622212126.546152.jpg,237,1202,62,chair,192,399,382,545,0.6142135
1622212126.546152.jpg,237,1203,1,person,155,518,254,589,0.5207758
1622212159.87077.jpg,238,1204,1,person,117,226,321,285,0.8767974
1622212179.98733.jpg,239,1205,44,bottle,173,439,195,449,0.37404817
1622212315.2842424.jpg,240,1206,1,person,49,336,477,530,0.93997693
1622212315.2842424.jpg,240,1207,1,person,129,254,314,343,0.9064634
1622212315.2842424.jpg,240,1208,62,chair,193,553,342,640,0.77310383
1622212315.2842424.jpg,240,1209,72,tv,123,95,157,135,0.7115123
1622212315.2842424.jpg,240,1210,33,suitcase,309,264,349,343,0.58917534
1622212315.2842424.jpg,240,1211,62,chair,164,473,455,568,0.45383176
1622212315.2842424.jpg,240,1212,1,person,103,492,144,522,0.407147
1622212315.2842424.jpg,240,1213,62,chair,223,250,327,304,0.398167
1622212315.2842424.jpg,240,1214,31,handbag,177,283,223,317,0.3851552
1622212142.094983.jpg,241,1215,1,person,0,334,479,553,0.9503077
1622212142.094983.jpg,241,1216,15,bench,238,64,340,143,0.35355657
1622212189.3250744.jpg,242,1217,82,refrigerator,0,58,335,206,0.5382246
1622212189.3250744.jpg,242,1218,78,microwave,203,393,230,414,0.34671798
1622212189.3250744.jpg,242,1219,44,bottle,168,426,192,437,0.3210227
1622212189.3250744.jpg,242,1220,44,bottle,168,410,193,421,0.3085871
